case,cycles,tasks,simulated_time_ns,throughput_tasks_per_cycle,compute_busy_cycles,compute_utilization,compute_result_wait_cycles,output_period,parser_to_transform_capacity,parser_to_transform_average,parser_to_transform_peak,compute0_results_capacity,compute0_results_average,compute0_results_peak,compute1_results_capacity,compute1_results_average,compute1_results_peak,collector_to_output_capacity,collector_to_output_average,collector_to_output_peak,transform_registers_capacity,transform_registers_average,transform_registers_peak,handshake_valid_cycles,handshake_blocked_cycles,handshake_blocked_fraction,compute_units,compute_task_slots,transform_slots,fifo_slots,buffer_payload_bits,dispatch_idle_other_blocked_cycles,reorder_wait_cycles,collector_output_blocked_cycles,compute0_busy_cycles,compute0_utilization,compute0_tasks,compute0_result_wait_cycles,compute1_busy_cycles,compute1_utilization,compute1_tasks,compute1_result_wait_cycles
single,12.0,1.0,12.0,0.0833333333333,6.0,0.25,0.0,1.0,2.0,0.0833333333333,1.0,2.0,0.0833333333333,1.0,2.0,0.0,0.0,2.0,0.0833333333333,1.0,2.0,0.166666666667,1.0,1.0,0.0,0.0,2.0,2.0,2.0,8.0,1088.0,0.0,0.0,0.0,6.0,0.5,1.0,0.0,0.0,0.0,0.0,0.0
empty,1.0,0.0,1.0,0.0,0.0,0.0,0.0,1.0,2.0,0.0,0.0,2.0,0.0,0.0,2.0,0.0,0.0,2.0,0.0,0.0,2.0,0.0,0.0,0.0,0.0,0.0,2.0,2.0,2.0,8.0,1088.0,0.0,0.0,0.0,0.0,0.0,0.0,0.0,0.0,0.0,0.0,0.0
basic,57.0,8.0,57.0,0.140350877193,66.0,0.578947368421,0.0,1.0,2.0,0.80701754386,2.0,2.0,0.105263157895,1.0,2.0,0.315789473684,1.0,2.0,0.140350877193,1.0,2.0,1.28070175439,2.0,39.0,31.0,0.794871794872,2.0,2.0,2.0,8.0,1088.0,13.0,13.0,0.0,33.0,0.578947368421,4.0,0.0,33.0,0.578947368421,4.0,0.0
zero_pipeline,52.0,24.0,52.0,0.461538461538,0.0,0.0,0.0,1.0,1.0,0.461538461538,1.0,2.0,0.230769230769,1.0,2.0,0.230769230769,1.0,1.0,0.461538461538,1.0,2.0,0.923076923077,1.0,24.0,0.0,0.0,2.0,2.0,2.0,6.0,864.0,0.0,0.0,0.0,0.0,0.0,12.0,0.0,0.0,0.0,12.0,0.0
slow_sink,520.0,40.0,520.0,0.0769230769231,40.0,0.0384615384615,859.0,13.0,1.0,0.753846153846,1.0,1.0,0.901923076923,1.0,1.0,0.926923076923,1.0,1.0,0.913461538462,1.0,2.0,1.70576923077,2.0,450.0,410.0,0.911111111111,2.0,2.0,2.0,4.0,672.0,0.0,0.0,462.0,20.0,0.0384615384615,20.0,423.0,20.0,0.0384615384615,20.0,436.0
extreme_grid,526.0,49.0,526.0,0.0931558935361,834.0,0.792775665399,0.0,1.0,1.0,0.836501901141,1.0,2.0,0.283269961977,2.0,2.0,0.17680608365,2.0,1.0,0.0931558935361,1.0,2.0,1.82509505703,2.0,501.0,452.0,0.902195608782,2.0,2.0,2.0,6.0,864.0,118.0,116.0,27.0,390.0,0.74144486692,25.0,0.0,444.0,0.844106463878,24.0,0.0
fibonacci_consecutive,560.0,17.0,560.0,0.0303571428571,1032.0,0.921428571429,0.0,1.0,4.0,2.44285714286,4.0,2.0,0.0160714285714,1.0,2.0,0.0142857142857,1.0,4.0,0.0303571428571,1.0,2.0,1.61428571429,2.0,481.0,464.0,0.964656964657,2.0,2.0,2.0,12.0,1536.0,0.0,0.0,0.0,546.0,0.975,9.0,0.0,486.0,0.867857142857,8.0,0.0
short_baseline,85.0,40.0,85.0,0.470588235294,40.0,0.235294117647,0.0,1.0,1.0,0.470588235294,1.0,2.0,0.235294117647,1.0,2.0,0.235294117647,1.0,1.0,0.470588235294,1.0,2.0,0.941176470588,1.0,40.0,0.0,0.0,2.0,2.0,2.0,6.0,864.0,0.0,0.0,0.0,20.0,0.235294117647,20.0,0.0,20.0,0.235294117647,20.0,0.0
short_with_long,264.0,43.0,264.0,0.162878787879,258.0,0.488636363636,0.0,1.0,4.0,3.60984848485,4.0,2.0,0.356060606061,1.0,2.0,0.621212121212,1.0,4.0,0.162878787879,1.0,2.0,1.95454545455,2.0,258.0,215.0,0.833333333333,2.0,2.0,2.0,12.0,1536.0,212.0,212.0,0.0,165.0,0.625,22.0,0.0,93.0,0.352272727273,21.0,0.0
random_01,1562.0,64.0,1562.0,0.0409731113956,2995.0,0.958706786172,0.0,1.0,1.0,0.89628681178,1.0,2.0,0.0204865556978,1.0,2.0,0.062099871959,1.0,1.0,0.0409731113956,1.0,2.0,1.9218950064,2.0,1508.0,1444.0,0.957559681698,2.0,2.0,2.0,6.0,864.0,38.0,38.0,15.0,1523.0,0.975032010243,32.0,0.0,1472.0,0.9423815621,32.0,0.0
random_02,1567.0,64.0,1567.0,0.040842373963,2990.0,0.954052329292,0.0,1.0,4.0,3.60306317805,4.0,2.0,0.0204211869815,1.0,2.0,0.0402042118698,1.0,4.0,0.040842373963,1.0,2.0,1.91448627951,2.0,1519.0,1455.0,0.957867017775,2.0,2.0,2.0,12.0,1536.0,25.0,25.0,0.0,1492.0,0.952137843012,32.0,0.0,1498.0,0.955966815571,32.0,0.0
random_03,1525.0,64.0,1525.0,0.0419672131148,2942.0,0.964590163934,0.0,1.0,1.0,0.891147540984,1.0,2.0,0.0209836065574,1.0,2.0,0.0459016393443,1.0,1.0,0.0419672131148,1.0,2.0,1.91737704918,2.0,1466.0,1402.0,0.956343792633,2.0,2.0,2.0,6.0,864.0,17.0,20.0,9.0,1486.0,0.974426229508,32.0,0.0,1456.0,0.954754098361,32.0,0.0
random_04,1557.0,64.0,1557.0,0.0411046885035,3008.0,0.965960179833,0.0,1.0,4.0,3.62235067437,4.0,2.0,0.0205523442518,1.0,2.0,0.0295439948619,1.0,4.0,0.0411046885035,1.0,2.0,1.91907514451,2.0,1499.0,1435.0,0.957304869913,2.0,2.0,2.0,12.0,1536.0,11.0,11.0,0.0,1503.0,0.965317919075,32.0,0.0,1505.0,0.966602440591,32.0,0.0
random_05,1571.0,64.0,1571.0,0.0407383831954,2989.0,0.951304901337,0.0,1.0,1.0,0.898154042011,1.0,2.0,0.0203691915977,1.0,2.0,0.0782940802037,1.0,1.0,0.0407383831954,1.0,2.0,1.92106938256,2.0,1517.0,1453.0,0.957811470007,2.0,2.0,2.0,6.0,864.0,54.0,57.0,17.0,1532.0,0.97517504774,32.0,0.0,1457.0,0.927434754933,32.0,0.0
random_06,1534.0,64.0,1534.0,0.0417209908735,2943.0,0.95925684485,0.0,1.0,4.0,3.58996088657,4.0,2.0,0.0208604954368,1.0,2.0,0.0280312907432,1.0,4.0,0.0417209908735,1.0,2.0,1.90808344198,2.0,1484.0,1420.0,0.956873315364,2.0,2.0,2.0,12.0,1536.0,10.0,10.0,0.0,1458.0,0.950456323338,32.0,0.0,1485.0,0.968057366362,32.0,0.0
random_07,1549.0,64.0,1549.0,0.0413169786959,2945.0,0.950613298903,0.0,1.0,1.0,0.899289864429,1.0,2.0,0.0264686894771,1.0,2.0,0.047127178825,1.0,1.0,0.0413169786959,1.0,2.0,1.90122659781,2.0,1502.0,1438.0,0.957390146471,2.0,2.0,2.0,6.0,864.0,26.0,26.0,13.0,1466.0,0.946417043254,32.0,0.0,1479.0,0.954809554551,32.0,0.0
random_08,1517.0,64.0,1517.0,0.0421885299934,2928.0,0.965062623599,0.0,1.0,4.0,3.63414634146,4.0,2.0,0.0210942649967,1.0,2.0,0.0355965721819,1.0,4.0,0.0421885299934,1.0,2.0,1.92551087673,2.0,1466.0,1402.0,0.956343792633,2.0,2.0,2.0,12.0,1536.0,16.0,16.0,0.0,1471.0,0.969676994067,32.0,0.0,1457.0,0.960448253131,32.0,0.0
random_09,1528.0,64.0,1528.0,0.0418848167539,2942.0,0.962696335079,0.0,1.0,1.0,0.890706806283,1.0,2.0,0.020942408377,1.0,2.0,0.044502617801,1.0,1.0,0.0418848167539,1.0,2.0,1.91688481675,2.0,1468.0,1404.0,0.956403269755,2.0,2.0,2.0,6.0,864.0,24.0,24.0,7.0,1482.0,0.969895287958,32.0,0.0,1460.0,0.955497382199,32.0,0.0
random_10,1550.0,64.0,1550.0,0.0412903225806,2988.0,0.963870967742,0.0,1.0,4.0,3.64258064516,4.0,2.0,0.0206451612903,1.0,2.0,0.0438709677419,1.0,4.0,0.0412903225806,1.0,2.0,1.93290322581,2.0,1500.0,1436.0,0.957333333333,2.0,2.0,2.0,12.0,1536.0,25.0,26.0,0.0,1512.0,0.975483870968,32.0,0.0,1476.0,0.952258064516,32.0,0.0
capacity_before,663.0,48.0,663.0,0.0723981900452,632.0,0.476621417798,74.0,3.0,2.0,1.87330316742,2.0,1.0,0.107088989442,1.0,1.0,0.948717948718,1.0,2.0,0.334841628959,2.0,2.0,1.94570135747,2.0,645.0,597.0,0.925581395349,2.0,2.0,2.0,6.0,896.0,534.0,534.0,63.0,608.0,0.917043740573,24.0,15.0,24.0,0.0361990950226,24.0,59.0
capacity_after,648.0,48.0,648.0,0.0740740740741,632.0,0.487654320988,7.0,3.0,2.0,1.87654320988,2.0,2.0,0.108024691358,2.0,2.0,1.04783950617,2.0,2.0,0.317901234568,2.0,2.0,1.95061728395,2.0,632.0,584.0,0.924050632911,2.0,2.0,2.0,8.0,1088.0,569.0,534.0,55.0,608.0,0.938271604938,24.0,0.0,24.0,0.037037037037,24.0,7.0
round_robin_skew,906.0,24.0,906.0,0.0264900662252,900.0,0.496688741722,0.0,1.0,2.0,1.63796909492,2.0,2.0,0.0132450331126,1.0,2.0,0.980132450331,1.0,2.0,0.0264900662252,1.0,2.0,1.82560706402,2.0,827.0,803.0,0.970979443773,2.0,2.0,2.0,8.0,1088.0,792.0,864.0,0.0,888.0,0.980132450331,12.0,0.0,12.0,0.0132450331126,12.0,0.0
