run_id,assignment,model,case,tasks,depth,result_depth,window,seed,period,trace,wall_ms,input_sha256,output_sha256,stats_sha256,cycles,simulated_time_ns,throughput_tasks_per_cycle,compute_busy_cycles,compute_utilization,compute_result_wait_cycles,output_period,parser_to_transform_capacity,parser_to_transform_average,parser_to_transform_peak,transform_to_compute_capacity,transform_to_compute_average,transform_to_compute_peak,compute_to_output_capacity,compute_to_output_average,compute_to_output_peak,transform_registers_capacity,transform_registers_average,transform_registers_peak,task_latency_count,task_latency_precompute_sum_cycles,task_latency_precompute_mean_cycles,task_latency_precompute_max_cycles,task_latency_precompute_p95_cycles,task_latency_compute_sum_cycles,task_latency_compute_mean_cycles,task_latency_compute_max_cycles,task_latency_compute_p95_cycles,task_latency_result_wait_sum_cycles,task_latency_result_wait_mean_cycles,task_latency_result_wait_max_cycles,task_latency_result_wait_p95_cycles,task_latency_delivery_sum_cycles,task_latency_delivery_mean_cycles,task_latency_delivery_max_cycles,task_latency_delivery_p95_cycles,task_latency_end_to_end_sum_cycles,task_latency_end_to_end_mean_cycles,task_latency_end_to_end_max_cycles,task_latency_end_to_end_p95_cycles,compute0_idle_no_input_cycles,handshake_valid_cycles,handshake_blocked_cycles,handshake_blocked_fraction,compute_units,compute_task_slots,transform_slots,fifo_slots,buffer_payload_bits,compute0_results_capacity,compute0_results_average,compute0_results_peak,compute1_results_capacity,compute1_results_average,compute1_results_peak,collector_to_output_capacity,collector_to_output_average,collector_to_output_peak,dispatch_idle_other_blocked_cycles,reorder_wait_cycles,collector_output_blocked_cycles,compute0_busy_cycles,compute0_utilization,compute0_tasks,compute0_result_wait_cycles,compute1_busy_cycles,compute1_utilization,compute1_tasks,compute1_result_wait_cycles,compute1_idle_no_input_cycles,window_blocked_cycles,engines_blocked_cycles,random_choices,random_seed,window_capacity,window_results_peak,window_results_average,window_reserved_peak,window_reserved_average,window_valid_bits,window_blocked_with_ready_cycles
1,1,stage1,empty,0,2,,,,1,0,26.349,e3b0c44298fc1c149afbf4c8996fb92427ae41e4649b934ca495991b7852b855,e3b0c44298fc1c149afbf4c8996fb92427ae41e4649b934ca495991b7852b855,7545b8d317625246d7f75672a6c9d7e4a4ef0f189689fe41faeed0ec10409456,1.0,1.0,0.0,0.0,0.0,0.0,1.0,2.0,0.0,0.0,2.0,0.0,0.0,2.0,0.0,0.0,2.0,0.0,0.0,0.0,0.0,0.0,0.0,0.0,0.0,0.0,0.0,0.0,0.0,0.0,0.0,0.0,0.0,0.0,0.0,0.0,0.0,0.0,0.0,0.0,1.0,,,,,,,,,,,,,,,,,,,,,,,,,,,,,,,,,,,,,,,,
2,1,stage1,single,1,2,,,,1,0,27.958,097eb15f7a6054f4d02f942402616fc2b7159ca169feb618171f178fe7a83747,06e9d52c1720fca412803e3b07c4b228ff113e303f4c7ab94665319d832bbfb7,200c047399c429c893463110dbd740579fadc6f3f303b0b7b3a99718309f805d,12.0,12.0,0.0833333333333,6.0,0.5,0.0,1.0,2.0,0.0833333333333,1.0,2.0,0.0833333333333,1.0,2.0,0.0833333333333,1.0,2.0,0.166666666667,1.0,1.0,4.0,4.0,4.0,4.0,6.0,6.0,6.0,6.0,0.0,0.0,0.0,0.0,1.0,1.0,1.0,1.0,11.0,11.0,11.0,11.0,5.0,,,,,,,,,,,,,,,,,,,,,,,,,,,,,,,,,,,,,,,,
3,1,stage1,zero_delay,30000,2,,,,1,0,61.435,5812710e37b5b47b15626e10a35fef1775716e974d9fe0b18b9fc2c1143cfdbf,64be96caa82af4e31b3e59314db9f31964175c8a81d68181ac7e9da4cf47cc51,ca4a672396c9df619ad2152bd542446b891a913ae8a9f7762ea07eb6f06d9645,30005.0,30005.0,0.999833361106,0.0,0.0,0.0,1.0,2.0,0.999833361106,1.0,2.0,0.999833361106,1.0,2.0,0.999833361106,1.0,2.0,1.99966672221,2.0,30000.0,120000.0,4.0,4.0,4.0,0.0,0.0,0.0,0.0,0.0,0.0,0.0,0.0,30000.0,1.0,1.0,1.0,150000.0,5.0,5.0,5.0,5.0,,,,,,,,,,,,,,,,,,,,,,,,,,,,,,,,,,,,,,,,
4,1,stage1,short,10000,2,,,,1,0,70.704,f5a95772f89fa27eee2a2821de0dc0d3f34a290c60fe6dbaf1792828455023db,b8295aeff307589fd570c3fd018b9e74ea22ec45e3e0c4d6b1a024e3de34d88c,b405cfb2ca3c3dc534d9b1e747707dcebf7b775a5f19650a00413db74f9bb771,70005.0,70005.0,0.142846939504,60000.0,0.857081637026,0.0,1.0,2.0,1.85606742376,2.0,2.0,1.85675308907,2.0,2.0,0.142846939504,1.0,2.0,1.99925719591,2.0,10000.0,399874.0,39.9874,40.0,40.0,60000.0,6.0,6.0,6.0,0.0,0.0,0.0,0.0,10000.0,1.0,1.0,1.0,469874.0,46.9874,47.0,47.0,5.0,,,,,,,,,,,,,,,,,,,,,,,,,,,,,,,,,,,,,,,,
5,1,stage1,long,10000,2,,,,1,0,229.741,ab08f8c25b634c2eef790e18cc09795f8aec50848eb83bb5a243af414f755979,ecb6e11e3f612e74d0c97b29986a880dfe2d9556c721b039acf46f59726824f6,4fb70db5edea651ced492a815ec29cf22da5f3efb27f94432830f9f0c321c7e4,750005.0,750005.0,0.013333244445,740000.0,0.986660088933,0.0,1.0,2.0,1.98556809621,2.0,2.0,1.98635742428,2.0,2.0,0.013333244445,1.0,2.0,1.99929600469,2.0,10000.0,4478446.0,447.8446,448.0,448.0,740000.0,74.0,74.0,74.0,0.0,0.0,0.0,0.0,10000.0,1.0,1.0,1.0,5228446.0,522.8446,523.0,523.0,5.0,,,,,,,,,,,,,,,,,,,,,,,,,,,,,,,,,,,,,,,,
6,1,stage1,mixed,10000,2,,,,1,0,154.87,885ef2e95b09b93dcce2e7561a299227a1fa8ba5c64589e1cdb4f4d2607925c0,a53902bc6eaef4a1ea197f9bd6dd931b3c96e6115c6f1721cff13ad70e0402e2,6330a5abf781eaba1a0486200899845123cc6a4be690a3ac622b2da9c4241476,476084.0,476084.0,0.0210046966502,466079.0,0.978984801002,0.0,1.0,2.0,1.97794716899,2.0,2.0,1.97870963948,2.0,2.0,0.0210046966502,1.0,2.0,1.99931944783,2.0,10000.0,2835545.0,283.5545,317.0,299.0,466079.0,46.6079,59.0,53.0,0.0,0.0,0.0,0.0,10000.0,1.0,1.0,1.0,3311624.0,331.1624,368.0,348.0,5.0,,,,,,,,,,,,,,,,,,,,,,,,,,,,,,,,,,,,,,,,
7,2,stage2,empty,0,2,,,,1,0,25.078,e3b0c44298fc1c149afbf4c8996fb92427ae41e4649b934ca495991b7852b855,e3b0c44298fc1c149afbf4c8996fb92427ae41e4649b934ca495991b7852b855,13860498743dee7cc04d8440492c8aea072c3247327415a69e5cb53b173394c6,1.0,1.0,0.0,0.0,0.0,0.0,1.0,2.0,0.0,0.0,,,,2.0,0.0,0.0,2.0,0.0,0.0,0.0,0.0,0.0,0.0,0.0,0.0,0.0,0.0,0.0,0.0,0.0,0.0,0.0,0.0,0.0,0.0,0.0,0.0,0.0,0.0,0.0,1.0,0.0,0.0,0.0,1.0,1.0,2.0,4.0,704.0,,,,,,,,,,,,,,,,,,,,,,,,,,,,,,,,
8,2,stage2,single,1,2,,,,1,0,24.574,097eb15f7a6054f4d02f942402616fc2b7159ca169feb618171f178fe7a83747,06e9d52c1720fca412803e3b07c4b228ff113e303f4c7ab94665319d832bbfb7,97148e191b6d1137800a059a6bf1cd15309b1bb64a8346de559f41a936c1e28f,11.0,11.0,0.0909090909091,6.0,0.545454545455,0.0,1.0,2.0,0.0909090909091,1.0,,,,2.0,0.0909090909091,1.0,2.0,0.181818181818,1.0,1.0,3.0,3.0,3.0,3.0,6.0,6.0,6.0,6.0,0.0,0.0,0.0,0.0,1.0,1.0,1.0,1.0,10.0,10.0,10.0,10.0,4.0,1.0,0.0,0.0,1.0,1.0,2.0,4.0,704.0,,,,,,,,,,,,,,,,,,,,,,,,,,,,,,,,
9,2,stage2,zero_delay,30000,2,,,,1,0,53.647,5812710e37b5b47b15626e10a35fef1775716e974d9fe0b18b9fc2c1143cfdbf,64be96caa82af4e31b3e59314db9f31964175c8a81d68181ac7e9da4cf47cc51,f485a6e83db338f3bd7d1da507074e95e7c5c3ba07250ce8ecbdd1f48d3c99f8,30004.0,30004.0,0.999866684442,0.0,0.0,0.0,1.0,2.0,0.999866684442,1.0,,,,2.0,0.999866684442,1.0,2.0,1.99973336888,2.0,30000.0,90000.0,3.0,3.0,3.0,0.0,0.0,0.0,0.0,0.0,0.0,0.0,0.0,30000.0,1.0,1.0,1.0,120000.0,4.0,4.0,4.0,4.0,30000.0,0.0,0.0,1.0,1.0,2.0,4.0,704.0,,,,,,,,,,,,,,,,,,,,,,,,,,,,,,,,
10,2,stage2,short,10000,2,,,,1,0,75.156,f5a95772f89fa27eee2a2821de0dc0d3f34a290c60fe6dbaf1792828455023db,b8295aeff307589fd570c3fd018b9e74ea22ec45e3e0c4d6b1a024e3de34d88c,2f6659c76e2ae6276f26367137317d0b69e2ce9abc4a4cc366c74f42d0dc9e11,70004.0,70004.0,0.142848980058,60000.0,0.85709388035,0.0,1.0,2.0,1.85643677504,2.0,,,,2.0,0.142848980058,1.0,2.0,1.99962859265,2.0,10000.0,269940.0,26.994,27.0,27.0,60000.0,6.0,6.0,6.0,0.0,0.0,0.0,0.0,10000.0,1.0,1.0,1.0,339940.0,33.994,34.0,34.0,4.0,69994.0,59994.0,0.857130611195,1.0,1.0,2.0,4.0,704.0,,,,,,,,,,,,,,,,,,,,,,,,,,,,,,,,
11,2,stage2,long,10000,2,,,,1,0,252.759,ab08f8c25b634c2eef790e18cc09795f8aec50848eb83bb5a243af414f755979,ecb6e11e3f612e74d0c97b29986a880dfe2d9556c721b039acf46f59726824f6,ab0ab32617967d847cefac9b38209a82e400d498ba499c579f5a278561681447,750004.0,750004.0,0.0133332622226,740000.0,0.986661404473,0.0,1.0,2.0,1.98596540818,2.0,,,,2.0,0.0133332622226,1.0,2.0,1.99969333497,2.0,10000.0,2989260.0,298.926,299.0,299.0,740000.0,74.0,74.0,74.0,0.0,0.0,0.0,0.0,10000.0,1.0,1.0,1.0,3739260.0,373.926,374.0,374.0,4.0,749926.0,739926.0,0.986665350981,1.0,1.0,2.0,4.0,704.0,,,,,,,,,,,,,,,,,,,,,,,,,,,,,,,,
12,2,stage2,mixed,10000,2,,,,1,0,174.4,885ef2e95b09b93dcce2e7561a299227a1fa8ba5c64589e1cdb4f4d2607925c0,a53902bc6eaef4a1ea197f9bd6dd931b3c96e6115c6f1721cff13ad70e0402e2,ee5c5eba58618dde75d8435da1fa47a9a0c8ce4af8118bbb2bdef77b14188544,476083.0,476083.0,0.02100474077,466079.0,0.978986857334,0.0,1.0,2.0,1.97831890658,2.0,,,,2.0,0.02100474077,1.0,2.0,1.99971853647,2.0,10000.0,1893876.0,189.3876,220.0,202.0,466079.0,46.6079,59.0,53.0,0.0,0.0,0.0,0.0,10000.0,1.0,1.0,1.0,2369955.0,236.9955,270.0,251.0,4.0,476035.0,466035.0,0.978993141261,1.0,1.0,2.0,4.0,704.0,,,,,,,,,,,,,,,,,,,,,,,,,,,,,,,,
13,2,stage2,slow_sink,2000,2,,,,1000,0,555.977,3c7d0ab8b6fb3b3c13bea627020a61b81accd9f2e6676e5c2a8dc0a646689156,fe32f976278c6a412e4ca31f72f9f4613111873ad16ad94ea0571671c52142a9,099a50afde79d37a86f29af2bf1205d705be1a3fc7418253f94a10c8a0437ff1,2000000.0,2000000.0,0.001,12000.0,0.006,1983998.0,1000.0,2.0,1.9935015,2.0,,,,2.0,1.9984875,2.0,2.0,1.9964995,2.0,2000.0,7980002.0,3990.001,3999.0,3999.0,12000.0,6.0,6.0,6.0,1983998.0,991.999,993.0,993.0,3996975.0,1998.4875,1999.0,1999.0,13972975.0,6986.4875,6997.0,6997.0,2002.0,1996999.0,1994999.0,0.998998497245,1.0,1.0,2.0,4.0,704.0,,,,,,,,,,,,,,,,,,,,,,,,,,,,,,,,
14,2,stage2,mixed,10000,1,,,,1,1,1153.698,885ef2e95b09b93dcce2e7561a299227a1fa8ba5c64589e1cdb4f4d2607925c0,a53902bc6eaef4a1ea197f9bd6dd931b3c96e6115c6f1721cff13ad70e0402e2,5f1b72011dbceae96dfea5bcaf07a81d431f5773eff4a512f68984add053fef3,476083.0,476083.0,0.02100474077,466079.0,0.978986857334,0.0,1.0,1.0,0.978707494281,1.0,,,,1.0,0.02100474077,1.0,2.0,1.99971223505,2.0,10000.0,1417975.0,141.7975,165.0,153.0,466079.0,46.6079,59.0,53.0,0.0,0.0,0.0,0.0,10000.0,1.0,1.0,1.0,1894054.0,189.4054,220.0,202.0,4.0,476034.0,466034.0,0.978993097132,1.0,1.0,2.0,2.0,480.0,,,,,,,,,,,,,,,,,,,,,,,,,,,,,,,,
15,2,stage2,mixed,10000,2,,,,1,1,1158.213,885ef2e95b09b93dcce2e7561a299227a1fa8ba5c64589e1cdb4f4d2607925c0,a53902bc6eaef4a1ea197f9bd6dd931b3c96e6115c6f1721cff13ad70e0402e2,ee5c5eba58618dde75d8435da1fa47a9a0c8ce4af8118bbb2bdef77b14188544,476083.0,476083.0,0.02100474077,466079.0,0.978986857334,0.0,1.0,2.0,1.97831890658,2.0,,,,2.0,0.02100474077,1.0,2.0,1.99971853647,2.0,10000.0,1893876.0,189.3876,220.0,202.0,466079.0,46.6079,59.0,53.0,0.0,0.0,0.0,0.0,10000.0,1.0,1.0,1.0,2369955.0,236.9955,270.0,251.0,4.0,476035.0,466035.0,0.978993141261,1.0,1.0,2.0,4.0,704.0,,,,,,,,,,,,,,,,,,,,,,,,,,,,,,,,
16,2,stage2,mixed,10000,4,,,,1,1,1133.973,885ef2e95b09b93dcce2e7561a299227a1fa8ba5c64589e1cdb4f4d2607925c0,a53902bc6eaef4a1ea197f9bd6dd931b3c96e6115c6f1721cff13ad70e0402e2,3284245516fbdbe26ddb9a82a3d77bb1c3c3eaf8560a16367a37eca493913901,476083.0,476083.0,0.02100474077,466079.0,0.978986857334,0.0,1.0,4.0,3.97724556432,4.0,,,,4.0,0.02100474077,1.0,2.0,1.99971853647,2.0,10000.0,2845531.0,284.5531,318.0,300.0,466079.0,46.6079,59.0,53.0,0.0,0.0,0.0,0.0,10000.0,1.0,1.0,1.0,3321610.0,332.161,369.0,349.0,4.0,476035.0,466035.0,0.978993141261,1.0,1.0,2.0,8.0,1152.0,,,,,,,,,,,,,,,,,,,,,,,,,,,,,,,,
17,2,stage2,mixed,10000,8,,,,1,1,1111.038,885ef2e95b09b93dcce2e7561a299227a1fa8ba5c64589e1cdb4f4d2607925c0,a53902bc6eaef4a1ea197f9bd6dd931b3c96e6115c6f1721cff13ad70e0402e2,8a47fa43ebd4568d20eb968e57c14f5c7d2ab9392fc442605c3cfd719535e5d4,476083.0,476083.0,0.02100474077,466079.0,0.978986857334,0.0,1.0,8.0,7.97389950912,8.0,,,,8.0,0.02100474077,1.0,2.0,1.99971853647,2.0,10000.0,4748270.0,474.827,515.0,496.0,466079.0,46.6079,59.0,53.0,0.0,0.0,0.0,0.0,10000.0,1.0,1.0,1.0,5224349.0,522.4349,565.0,545.0,4.0,476035.0,466035.0,0.978993141261,1.0,1.0,2.0,16.0,2048.0,,,,,,,,,,,,,,,,,,,,,,,,,,,,,,,,
18,2,stage2,mixed,10000,16,,,,1,1,1111.859,885ef2e95b09b93dcce2e7561a299227a1fa8ba5c64589e1cdb4f4d2607925c0,a53902bc6eaef4a1ea197f9bd6dd931b3c96e6115c6f1721cff13ad70e0402e2,e4828f29cdeace9f9c4baafd5d872f6b050b0c8894e40d280d95f42d109d481b,476083.0,476083.0,0.02100474077,466079.0,0.978986857334,0.0,1.0,16.0,15.9622754856,16.0,,,,16.0,0.02100474077,1.0,2.0,1.99971853647,2.0,10000.0,8551400.0,855.14,914.0,884.0,466079.0,46.6079,59.0,53.0,0.0,0.0,0.0,0.0,10000.0,1.0,1.0,1.0,9027479.0,902.7479,963.0,933.0,4.0,476035.0,466035.0,0.978993141261,1.0,1.0,2.0,32.0,3840.0,,,,,,,,,,,,,,,,,,,,,,,,,,,,,,,,
19,2,stage2,mixed,10000,32,,,,1,1,1151.994,885ef2e95b09b93dcce2e7561a299227a1fa8ba5c64589e1cdb4f4d2607925c0,a53902bc6eaef4a1ea197f9bd6dd931b3c96e6115c6f1721cff13ad70e0402e2,f4a94b6ac909fe31e57064486ace1264fdb639942a9c0a62ef69e1adc0df5ea6,476083.0,476083.0,0.02100474077,466079.0,0.978986857334,0.0,1.0,32.0,31.9189784134,32.0,,,,32.0,0.02100474077,1.0,2.0,1.99971853647,2.0,10000.0,16148115.0,1614.8115,1696.0,1657.0,466079.0,46.6079,59.0,53.0,0.0,0.0,0.0,0.0,10000.0,1.0,1.0,1.0,16624194.0,1662.4194,1745.0,1705.0,4.0,476035.0,466035.0,0.978993141261,1.0,1.0,2.0,64.0,7424.0,,,,,,,,,,,,,,,,,,,,,,,,,,,,,,,,
20,2,stage2,short,10000,2,,,,1,1,265.988,f5a95772f89fa27eee2a2821de0dc0d3f34a290c60fe6dbaf1792828455023db,b8295aeff307589fd570c3fd018b9e74ea22ec45e3e0c4d6b1a024e3de34d88c,2f6659c76e2ae6276f26367137317d0b69e2ce9abc4a4cc366c74f42d0dc9e11,70004.0,70004.0,0.142848980058,60000.0,0.85709388035,0.0,1.0,2.0,1.85643677504,2.0,,,,2.0,0.142848980058,1.0,2.0,1.99962859265,2.0,10000.0,269940.0,26.994,27.0,27.0,60000.0,6.0,6.0,6.0,0.0,0.0,0.0,0.0,10000.0,1.0,1.0,1.0,339940.0,33.994,34.0,34.0,4.0,69994.0,59994.0,0.857130611195,1.0,1.0,2.0,4.0,704.0,,,,,,,,,,,,,,,,,,,,,,,,,,,,,,,,
21,2,stage2,short,10000,2,,,,2,1,263.308,f5a95772f89fa27eee2a2821de0dc0d3f34a290c60fe6dbaf1792828455023db,b8295aeff307589fd570c3fd018b9e74ea22ec45e3e0c4d6b1a024e3de34d88c,2b09bf30323cb6e039b562d5d93169ae3abb3e401e601fa0a3cd9aebe9c78393,70004.0,70004.0,0.142848980058,60000.0,0.85709388035,0.0,2.0,2.0,1.85643677504,2.0,,,,2.0,0.214273470087,1.0,2.0,1.99962859265,2.0,10000.0,269940.0,26.994,27.0,27.0,60000.0,6.0,6.0,6.0,0.0,0.0,0.0,0.0,15000.0,1.5,2.0,2.0,344940.0,34.494,35.0,35.0,4.0,69994.0,59994.0,0.857130611195,1.0,1.0,2.0,4.0,704.0,,,,,,,,,,,,,,,,,,,,,,,,,,,,,,,,
22,2,stage2,short,10000,2,,,,4,1,270.994,f5a95772f89fa27eee2a2821de0dc0d3f34a290c60fe6dbaf1792828455023db,b8295aeff307589fd570c3fd018b9e74ea22ec45e3e0c4d6b1a024e3de34d88c,440d657f98c38d1454f32df4bcf0c3b4c00c5e43603674ce9eec096c43ac50c7,70004.0,70004.0,0.142848980058,60000.0,0.85709388035,0.0,4.0,2.0,1.85643677504,2.0,,,,2.0,0.357122450146,1.0,2.0,1.99962859265,2.0,10000.0,269940.0,26.994,27.0,27.0,60000.0,6.0,6.0,6.0,0.0,0.0,0.0,0.0,25000.0,2.5,4.0,4.0,354940.0,35.494,37.0,37.0,4.0,69994.0,59994.0,0.857130611195,1.0,1.0,2.0,4.0,704.0,,,,,,,,,,,,,,,,,,,,,,,,,,,,,,,,
23,2,stage2,short,10000,2,,,,8,1,285.002,f5a95772f89fa27eee2a2821de0dc0d3f34a290c60fe6dbaf1792828455023db,b8295aeff307589fd570c3fd018b9e74ea22ec45e3e0c4d6b1a024e3de34d88c,a9681e2fd931a22c8c9aaa4616c0c9b5e3f73ab54af2819441a9cd85e0652d5a,80008.0,80008.0,0.12498750125,60000.0,0.749925007499,9990.0,8.0,2.0,1.87395010499,2.0,,,,2.0,1.87425007499,2.0,2.0,1.99928757124,2.0,10000.0,309890.0,30.989,31.0,31.0,60000.0,6.0,6.0,6.0,9990.0,0.999,1.0,1.0,149955.0,14.9955,15.0,15.0,529835.0,52.9835,53.0,53.0,18.0,79983.0,69983.0,0.874973431854,1.0,1.0,2.0,4.0,704.0,,,,,,,,,,,,,,,,,,,,,,,,,,,,,,,,
24,2,stage2,short,10000,2,,,,16,1,412.77,f5a95772f89fa27eee2a2821de0dc0d3f34a290c60fe6dbaf1792828455023db,b8295aeff307589fd570c3fd018b9e74ea22ec45e3e0c4d6b1a024e3de34d88c,310491c25f5fb051149b985e7f8e4bb5c6f0dda21aad52ef7b8af72fddacfc02,160000.0,160000.0,0.0625,60000.0,0.375,89966.0,16.0,2.0,1.93641875,2.0,,,,2.0,1.9372,2.0,2.0,1.99929375,2.0,10000.0,629714.0,62.9714,63.0,63.0,60000.0,6.0,6.0,6.0,89966.0,8.9966,9.0,9.0,309952.0,30.9952,31.0,31.0,1089632.0,108.9632,109.0,109.0,34.0,159951.0,149951.0,0.937480853511,1.0,1.0,2.0,4.0,704.0,,,,,,,,,,,,,,,,,,,,,,,,,,,,,,,,
25,2,stage2,slow_sink_small,24,2,,,,8,1,33.84,44b26a53cd28b0721f5b000113629dd1571ea8d992e93d8f0cfd9c46eeec454e,da5d8f3e29ce9229175585031f779f9c342ad2ef27ac3972ba93326433211385,df079d40f7dcc03311ecce4ce3b583ff40ca36107ae2900d667075e35bf5890c,200.0,200.0,0.12,144.0,0.72,14.0,8.0,2.0,1.455,2.0,,,,2.0,1.575,2.0,2.0,1.715,2.0,24.0,634.0,26.4166666667,31.0,31.0,144.0,6.0,6.0,6.0,14.0,0.583333333333,1.0,1.0,315.0,13.125,15.0,15.0,1107.0,46.125,53.0,53.0,18.0,175.0,151.0,0.862857142857,1.0,1.0,2.0,4.0,704.0,,,,,,,,,,,,,,,,,,,,,,,,,,,,,,,,
26,3,stage2,empty,0,2,,,,1,0,26.924,e3b0c44298fc1c149afbf4c8996fb92427ae41e4649b934ca495991b7852b855,e3b0c44298fc1c149afbf4c8996fb92427ae41e4649b934ca495991b7852b855,13860498743dee7cc04d8440492c8aea072c3247327415a69e5cb53b173394c6,1.0,1.0,0.0,0.0,0.0,0.0,1.0,2.0,0.0,0.0,,,,2.0,0.0,0.0,2.0,0.0,0.0,0.0,0.0,0.0,0.0,0.0,0.0,0.0,0.0,0.0,0.0,0.0,0.0,0.0,0.0,0.0,0.0,0.0,0.0,0.0,0.0,0.0,1.0,0.0,0.0,0.0,1.0,1.0,2.0,4.0,704.0,,,,,,,,,,,,,,,,,,,,,,,,,,,,,,,,
27,3,stage2,single,1,2,,,,1,0,24.449,097eb15f7a6054f4d02f942402616fc2b7159ca169feb618171f178fe7a83747,06e9d52c1720fca412803e3b07c4b228ff113e303f4c7ab94665319d832bbfb7,97148e191b6d1137800a059a6bf1cd15309b1bb64a8346de559f41a936c1e28f,11.0,11.0,0.0909090909091,6.0,0.545454545455,0.0,1.0,2.0,0.0909090909091,1.0,,,,2.0,0.0909090909091,1.0,2.0,0.181818181818,1.0,1.0,3.0,3.0,3.0,3.0,6.0,6.0,6.0,6.0,0.0,0.0,0.0,0.0,1.0,1.0,1.0,1.0,10.0,10.0,10.0,10.0,4.0,1.0,0.0,0.0,1.0,1.0,2.0,4.0,704.0,,,,,,,,,,,,,,,,,,,,,,,,,,,,,,,,
28,3,stage2,zero_delay,30000,2,,,,1,0,52.616,5812710e37b5b47b15626e10a35fef1775716e974d9fe0b18b9fc2c1143cfdbf,64be96caa82af4e31b3e59314db9f31964175c8a81d68181ac7e9da4cf47cc51,f485a6e83db338f3bd7d1da507074e95e7c5c3ba07250ce8ecbdd1f48d3c99f8,30004.0,30004.0,0.999866684442,0.0,0.0,0.0,1.0,2.0,0.999866684442,1.0,,,,2.0,0.999866684442,1.0,2.0,1.99973336888,2.0,30000.0,90000.0,3.0,3.0,3.0,0.0,0.0,0.0,0.0,0.0,0.0,0.0,0.0,30000.0,1.0,1.0,1.0,120000.0,4.0,4.0,4.0,4.0,30000.0,0.0,0.0,1.0,1.0,2.0,4.0,704.0,,,,,,,,,,,,,,,,,,,,,,,,,,,,,,,,
29,3,stage2,short,10000,2,,,,1,0,70.198,f5a95772f89fa27eee2a2821de0dc0d3f34a290c60fe6dbaf1792828455023db,b8295aeff307589fd570c3fd018b9e74ea22ec45e3e0c4d6b1a024e3de34d88c,2f6659c76e2ae6276f26367137317d0b69e2ce9abc4a4cc366c74f42d0dc9e11,70004.0,70004.0,0.142848980058,60000.0,0.85709388035,0.0,1.0,2.0,1.85643677504,2.0,,,,2.0,0.142848980058,1.0,2.0,1.99962859265,2.0,10000.0,269940.0,26.994,27.0,27.0,60000.0,6.0,6.0,6.0,0.0,0.0,0.0,0.0,10000.0,1.0,1.0,1.0,339940.0,33.994,34.0,34.0,4.0,69994.0,59994.0,0.857130611195,1.0,1.0,2.0,4.0,704.0,,,,,,,,,,,,,,,,,,,,,,,,,,,,,,,,
30,3,stage2,long,10000,2,,,,1,0,241.366,ab08f8c25b634c2eef790e18cc09795f8aec50848eb83bb5a243af414f755979,ecb6e11e3f612e74d0c97b29986a880dfe2d9556c721b039acf46f59726824f6,ab0ab32617967d847cefac9b38209a82e400d498ba499c579f5a278561681447,750004.0,750004.0,0.0133332622226,740000.0,0.986661404473,0.0,1.0,2.0,1.98596540818,2.0,,,,2.0,0.0133332622226,1.0,2.0,1.99969333497,2.0,10000.0,2989260.0,298.926,299.0,299.0,740000.0,74.0,74.0,74.0,0.0,0.0,0.0,0.0,10000.0,1.0,1.0,1.0,3739260.0,373.926,374.0,374.0,4.0,749926.0,739926.0,0.986665350981,1.0,1.0,2.0,4.0,704.0,,,,,,,,,,,,,,,,,,,,,,,,,,,,,,,,
31,3,stage2,mixed,10000,2,,,,1,0,159.133,885ef2e95b09b93dcce2e7561a299227a1fa8ba5c64589e1cdb4f4d2607925c0,a53902bc6eaef4a1ea197f9bd6dd931b3c96e6115c6f1721cff13ad70e0402e2,ee5c5eba58618dde75d8435da1fa47a9a0c8ce4af8118bbb2bdef77b14188544,476083.0,476083.0,0.02100474077,466079.0,0.978986857334,0.0,1.0,2.0,1.97831890658,2.0,,,,2.0,0.02100474077,1.0,2.0,1.99971853647,2.0,10000.0,1893876.0,189.3876,220.0,202.0,466079.0,46.6079,59.0,53.0,0.0,0.0,0.0,0.0,10000.0,1.0,1.0,1.0,2369955.0,236.9955,270.0,251.0,4.0,476035.0,466035.0,0.978993141261,1.0,1.0,2.0,4.0,704.0,,,,,,,,,,,,,,,,,,,,,,,,,,,,,,,,
32,3,stage2,skew,10500,2,,,,1,0,45.231,7952e609a809a5b1236df471a20e895be264e144d7568ae1d07d19fd981b952c,0cdae28e1ecd7d1022c8f136dcfe94868903d1479edc55dd863e3b3111aa63b9,640a3f5a152af00539bf746c6c5cf893addd0357d8b7aa7854c76c24af4bb544,47504.0,47504.0,0.221034018188,37000.0,0.778881778377,0.0,1.0,2.0,1.77879757494,2.0,,,,2.0,0.221034018188,1.0,2.0,1.99983159313,2.0,10500.0,179500.0,17.0952380952,77.0,77.0,37000.0,3.52380952381,74.0,0.0,0.0,0.0,0.0,0.0,10500.0,1.0,1.0,1.0,227000.0,21.619047619,78.0,78.0,4.0,47500.0,37000.0,0.778947368421,1.0,1.0,2.0,4.0,704.0,,,,,,,,,,,,,,,,,,,,,,,,,,,,,,,,
33,3,stage3,empty,0,2,2,,,1,0,23.935,e3b0c44298fc1c149afbf4c8996fb92427ae41e4649b934ca495991b7852b855,e3b0c44298fc1c149afbf4c8996fb92427ae41e4649b934ca495991b7852b855,5b1eb2add7920e29aa3d1838842c630b10ae8cfce8096835e8cbdf36a7cb3c04,1.0,1.0,0.0,0.0,0.0,0.0,1.0,2.0,0.0,0.0,,,,,,,2.0,0.0,0.0,0.0,0.0,0.0,0.0,0.0,0.0,0.0,0.0,0.0,0.0,0.0,0.0,0.0,0.0,0.0,0.0,0.0,0.0,0.0,0.0,0.0,1.0,0.0,0.0,0.0,2.0,2.0,2.0,8.0,1088.0,2.0,0.0,0.0,2.0,0.0,0.0,2.0,0.0,0.0,0.0,0.0,0.0,0.0,0.0,0.0,0.0,0.0,0.0,0.0,0.0,1.0,,,,,,,,,,,
34,3,stage3_window,empty,0,2,2,8,7,1,0,23.521,e3b0c44298fc1c149afbf4c8996fb92427ae41e4649b934ca495991b7852b855,e3b0c44298fc1c149afbf4c8996fb92427ae41e4649b934ca495991b7852b855,664655e0bc068b1bfd17b14e98c36874a0bddb6b94dc15b26be0a010b2ba047d,1.0,1.0,0.0,0.0,0.0,0.0,1.0,2.0,0.0,0.0,,,,,,,2.0,0.0,0.0,0.0,0.0,0.0,0.0,0.0,0.0,0.0,0.0,0.0,0.0,0.0,0.0,0.0,0.0,0.0,0.0,0.0,0.0,0.0,0.0,0.0,1.0,0.0,0.0,0.0,2.0,2.0,2.0,8.0,1856.0,2.0,0.0,0.0,2.0,0.0,0.0,2.0,0.0,0.0,,0.0,0.0,0.0,0.0,0.0,0.0,0.0,0.0,0.0,0.0,1.0,0.0,0.0,0.0,7.0,8.0,0.0,0.0,0.0,0.0,8.0,0.0
35,3,stage3,single,1,2,2,,,1,0,24.667,097eb15f7a6054f4d02f942402616fc2b7159ca169feb618171f178fe7a83747,06e9d52c1720fca412803e3b07c4b228ff113e303f4c7ab94665319d832bbfb7,f42bf90ae60f11e877ef51759a33616fbe3d4477385266fbaad983d112c299fd,12.0,12.0,0.0833333333333,6.0,0.25,0.0,1.0,2.0,0.0833333333333,1.0,,,,,,,2.0,0.166666666667,1.0,1.0,3.0,3.0,3.0,3.0,6.0,6.0,6.0,6.0,0.0,0.0,0.0,0.0,2.0,2.0,2.0,2.0,11.0,11.0,11.0,11.0,5.0,1.0,0.0,0.0,2.0,2.0,2.0,8.0,1088.0,2.0,0.0833333333333,1.0,2.0,0.0,0.0,2.0,0.0833333333333,1.0,0.0,0.0,0.0,6.0,0.5,1.0,0.0,0.0,0.0,0.0,0.0,12.0,,,,,,,,,,,
36,3,stage3_window,single,1,2,2,8,7,1,0,24.555,097eb15f7a6054f4d02f942402616fc2b7159ca169feb618171f178fe7a83747,06e9d52c1720fca412803e3b07c4b228ff113e303f4c7ab94665319d832bbfb7,cc5a00a564c1d9ad0936ae253adc14fbb2c19257a1ad82f2b1823d5b3778d319,13.0,13.0,0.0769230769231,6.0,0.230769230769,0.0,1.0,2.0,0.0769230769231,1.0,,,,,,,2.0,0.153846153846,1.0,1.0,3.0,3.0,3.0,3.0,6.0,6.0,6.0,6.0,0.0,0.0,0.0,0.0,3.0,3.0,3.0,3.0,12.0,12.0,12.0,12.0,13.0,1.0,0.0,0.0,2.0,2.0,2.0,8.0,1856.0,2.0,0.0,0.0,2.0,0.0769230769231,1.0,2.0,0.0769230769231,1.0,,0.0,0.0,0.0,0.0,0.0,0.0,6.0,0.461538461538,1.0,0.0,6.0,0.0,0.0,1.0,7.0,8.0,1.0,0.0769230769231,1.0,0.615384615385,8.0,0.0
37,3,stage3,zero_delay,30000,2,2,,,1,0,55.38,5812710e37b5b47b15626e10a35fef1775716e974d9fe0b18b9fc2c1143cfdbf,64be96caa82af4e31b3e59314db9f31964175c8a81d68181ac7e9da4cf47cc51,81ca864a9f95ce50c1065dbe24bdd25b876a19f952500d168e47971acfcf3684,30005.0,30005.0,0.999833361106,0.0,0.0,0.0,1.0,2.0,0.999833361106,1.0,,,,,,,2.0,1.99966672221,2.0,30000.0,90000.0,3.0,3.0,3.0,0.0,0.0,0.0,0.0,0.0,0.0,0.0,0.0,60000.0,2.0,2.0,2.0,150000.0,5.0,5.0,5.0,15005.0,30000.0,0.0,0.0,2.0,2.0,2.0,8.0,1088.0,2.0,0.499916680553,1.0,2.0,0.499916680553,1.0,2.0,0.999833361106,1.0,0.0,0.0,0.0,0.0,0.0,15000.0,0.0,0.0,0.0,15000.0,0.0,15005.0,,,,,,,,,,,
38,3,stage3_window,zero_delay,30000,2,2,8,7,1,0,61.07,5812710e37b5b47b15626e10a35fef1775716e974d9fe0b18b9fc2c1143cfdbf,64be96caa82af4e31b3e59314db9f31964175c8a81d68181ac7e9da4cf47cc51,9092890151b97b9e05908414edf5618bd140047a4c111a0d8cb158b7d1fd577c,30006.0,30006.0,0.999800039992,0.0,0.0,0.0,1.0,2.0,0.999800039992,1.0,,,,,,,2.0,1.99960007998,2.0,30000.0,90000.0,3.0,3.0,3.0,0.0,0.0,0.0,0.0,0.0,0.0,0.0,0.0,90000.0,3.0,3.0,3.0,180000.0,6.0,6.0,6.0,14848.0,30000.0,0.0,0.0,2.0,2.0,2.0,8.0,1856.0,2.0,0.50516563354,1.0,2.0,0.494634406452,1.0,2.0,0.999800039992,1.0,,0.0,0.0,0.0,0.0,15158.0,0.0,0.0,0.0,14842.0,0.0,15164.0,0.0,0.0,30000.0,7.0,8.0,1.0,0.999800039992,2.0,1.99960007998,8.0,0.0
39,3,stage3,short,10000,2,2,,,1,0,61.556,f5a95772f89fa27eee2a2821de0dc0d3f34a290c60fe6dbaf1792828455023db,b8295aeff307589fd570c3fd018b9e74ea22ec45e3e0c4d6b1a024e3de34d88c,c59e94881d467c995db677ddf29b8a7f4bed6dbc8870b94dc00b86d8efb435f3,35006.0,35006.0,0.285665314518,60000.0,0.856995943553,0.0,1.0,2.0,1.71342055648,2.0,,,,,,,2.0,1.99937153631,2.0,10000.0,129970.0,12.997,13.0,13.0,60000.0,6.0,6.0,6.0,0.0,0.0,0.0,0.0,20000.0,2.0,2.0,2.0,209970.0,20.997,21.0,21.0,6.0,34995.0,24995.0,0.714244892127,2.0,2.0,2.0,8.0,1088.0,2.0,0.142832657259,1.0,2.0,0.142832657259,1.0,2.0,0.285665314518,1.0,0.0,0.0,0.0,30000.0,0.856995943553,5000.0,0.0,30000.0,0.856995943553,5000.0,0.0,6.0,,,,,,,,,,,
40,3,stage3_window,short,10000,2,2,8,7,1,0,64.84,f5a95772f89fa27eee2a2821de0dc0d3f34a290c60fe6dbaf1792828455023db,b8295aeff307589fd570c3fd018b9e74ea22ec45e3e0c4d6b1a024e3de34d88c,bb3b1aeee064d97415c77ea8126dc0da2acabfc3ede44e0bbeeb6e1cb3d2d041,35007.0,35007.0,0.285657154283,60000.0,0.85697146285,0.0,1.0,2.0,1.71337161139,2.0,,,,,,,2.0,1.99931442283,2.0,10000.0,129970.0,12.997,13.0,13.0,60000.0,6.0,6.0,6.0,0.0,0.0,0.0,0.0,30000.0,3.0,3.0,3.0,219970.0,21.997,22.0,22.0,7.0,34995.0,24995.0,0.714244892127,2.0,2.0,2.0,8.0,1856.0,2.0,0.142828577142,1.0,2.0,0.142828577142,1.0,2.0,0.285657154283,1.0,,0.0,0.0,30000.0,0.85697146285,5000.0,0.0,30000.0,0.85697146285,5000.0,0.0,7.0,0.0,24995.0,1.0,7.0,8.0,1.0,0.285657154283,3.0,2.28525723427,8.0,0.0
41,3,stage3,long,10000,2,2,,,1,0,159.423,ab08f8c25b634c2eef790e18cc09795f8aec50848eb83bb5a243af414f755979,ecb6e11e3f612e74d0c97b29986a880dfe2d9556c721b039acf46f59726824f6,1527c02163e030644447aab86eb118cdc43871b2e255a30ed1b2101c6d921914,375006.0,375006.0,0.0266662400068,740000.0,0.986650880253,0.0,1.0,2.0,1.9725231063,2.0,,,,,,,2.0,1.99957867341,2.0,10000.0,1489562.0,148.9562,149.0,149.0,740000.0,74.0,74.0,74.0,0.0,0.0,0.0,0.0,20000.0,2.0,2.0,2.0,2249562.0,224.9562,225.0,225.0,6.0,374927.0,364927.0,0.973328141211,2.0,2.0,2.0,8.0,1088.0,2.0,0.0133331200034,1.0,2.0,0.0133331200034,1.0,2.0,0.0266662400068,1.0,0.0,0.0,0.0,370000.0,0.986650880253,5000.0,0.0,370000.0,0.986650880253,5000.0,0.0,6.0,,,,,,,,,,,
42,3,stage3_window,long,10000,2,2,8,7,1,0,184.54,ab08f8c25b634c2eef790e18cc09795f8aec50848eb83bb5a243af414f755979,ecb6e11e3f612e74d0c97b29986a880dfe2d9556c721b039acf46f59726824f6,9a9e83c2d62aa37d071493ca37cb962c2eef9444767187a18dba5de2260a34da,375007.0,375007.0,0.0266661688982,740000.0,0.986648249233,0.0,1.0,2.0,1.97251784633,2.0,,,,,,,2.0,1.9995733413,2.0,10000.0,1489562.0,148.9562,149.0,149.0,740000.0,74.0,74.0,74.0,0.0,0.0,0.0,0.0,30000.0,3.0,3.0,3.0,2259562.0,225.9562,226.0,226.0,7.0,374927.0,364927.0,0.973328141211,2.0,2.0,2.0,8.0,1856.0,2.0,0.0133330844491,1.0,2.0,0.0133330844491,1.0,2.0,0.0266661688982,1.0,,0.0,0.0,370000.0,0.986648249233,5000.0,0.0,370000.0,0.986648249233,5000.0,0.0,7.0,0.0,364927.0,1.0,7.0,8.0,1.0,0.0266661688982,3.0,2.02662883626,8.0,0.0
43,3,stage3,mixed,10000,2,2,,,1,0,107.947,885ef2e95b09b93dcce2e7561a299227a1fa8ba5c64589e1cdb4f4d2607925c0,a53902bc6eaef4a1ea197f9bd6dd931b3c96e6115c6f1721cff13ad70e0402e2,ae56d8a2dae8b4cbe0e7930fe9bc30bb629734e0059f720a05ea5d495eaffdf8,239530.0,239530.0,0.041748423997,466079.0,0.972903185405,0.0,1.0,2.0,1.957404083,2.0,,,,,,,2.0,1.99955329186,2.0,10000.0,947810.0,94.781,116.0,103.0,466079.0,46.6079,59.0,53.0,0.0,0.0,0.0,0.0,22954.0,2.2954,20.0,4.0,1436843.0,143.6843,172.0,155.0,2013.0,239481.0,229481.0,0.958243033894,2.0,2.0,2.0,8.0,1088.0,2.0,0.0291904980587,1.0,2.0,0.024890410387,1.0,2.0,0.041748423997,1.0,2275.0,2275.0,0.0,232517.0,0.970721830251,5000.0,0.0,233562.0,0.975084540559,5000.0,0.0,968.0,,,,,,,,,,,
44,3,stage3_window,mixed,10000,2,2,8,7,1,0,122.255,885ef2e95b09b93dcce2e7561a299227a1fa8ba5c64589e1cdb4f4d2607925c0,a53902bc6eaef4a1ea197f9bd6dd931b3c96e6115c6f1721cff13ad70e0402e2,7d098ed015cce99edf435291f22dc2df50098f0e3df2dc97c526cd99936a873f,238115.0,238115.0,0.0419965142893,466079.0,0.978684669172,0.0,1.0,2.0,1.95713415786,2.0,,,,,,,2.0,1.99953383869,2.0,10000.0,942142.0,94.2142,114.0,103.0,466079.0,46.6079,59.0,53.0,0.0,0.0,0.0,0.0,32004.0,3.2004,21.0,4.0,1440225.0,144.0225,168.0,154.0,68.0,238065.0,228065.0,0.957994665322,2.0,2.0,2.0,8.0,1856.0,2.0,0.0212922327447,1.0,2.0,0.0212082397161,1.0,2.0,0.0419965142893,1.0,,1503.0,0.0,233045.0,0.978707767255,5002.0,0.0,233034.0,0.97866157109,4998.0,0.0,83.0,0.0,228065.0,121.0,7.0,8.0,2.0,0.0499086575814,4.0,2.04977846839,8.0,0.0
45,3,stage3,skew,10500,2,2,,,1,0,49.213,7952e609a809a5b1236df471a20e895be264e144d7568ae1d07d19fd981b952c,0cdae28e1ecd7d1022c8f136dcfe94868903d1479edc55dd863e3b3111aa63b9,f4c75cedecb90c6304bed7f34017500859084d09a51d1d3a88fc52e7fcb96a1d,47006.0,47006.0,0.223375739267,37000.0,0.393566778709,0.0,1.0,2.0,1.77636897417,2.0,,,,,,,2.0,1.99974471344,2.0,10500.0,177500.0,16.9047619048,76.0,76.0,37000.0,3.52380952381,74.0,0.0,0.0,0.0,0.0,0.0,67500.0,6.42857142857,76.0,3.0,282000.0,26.8571428571,79.0,79.0,23256.0,47000.0,36500.0,0.776595744681,2.0,2.0,2.0,8.0,1088.0,2.0,0.606305578011,1.0,2.0,0.606305578011,1.0,2.0,0.223375739267,1.0,36500.0,36500.0,0.0,18500.0,0.393566778709,5250.0,0.0,18500.0,0.393566778709,5250.0,0.0,23256.0,,,,,,,,,,,
46,3,stage3_window,skew,10500,2,2,8,7,1,0,50.968,7952e609a809a5b1236df471a20e895be264e144d7568ae1d07d19fd981b952c,0cdae28e1ecd7d1022c8f136dcfe94868903d1479edc55dd863e3b3111aa63b9,3a9fdd4fffecce1d0c17dd6f46666596fefc1d06cd42282f7d9704afc3fd5cb3,45011.0,45011.0,0.233276310235,37000.0,0.411010641843,0.0,1.0,2.0,1.76623492035,2.0,,,,,,,2.0,1.99951123059,2.0,10500.0,169500.0,16.1428571429,72.0,72.0,37000.0,3.52380952381,74.0,0.0,0.0,0.0,0.0,0.0,323000.0,30.7619047619,77.0,77.0,529500.0,50.4285714286,80.0,80.0,20754.0,45000.0,34500.0,0.766666666667,2.0,2.0,2.0,8.0,1856.0,2.0,0.116393770412,1.0,2.0,0.116882539824,1.0,2.0,0.233276310235,1.0,,34504.0,0.0,19018.0,0.422518939815,5239.0,0.0,17982.0,0.399502343871,5261.0,0.0,21768.0,34500.0,0.0,7000.0,7.0,8.0,8.0,6.7094710182,8.0,7.76476861212,8.0,34500.0
47,3,stage3_window,skew,10500,2,2,1,7,1,0,59.536,7952e609a809a5b1236df471a20e895be264e144d7568ae1d07d19fd981b952c,0cdae28e1ecd7d1022c8f136dcfe94868903d1479edc55dd863e3b3111aa63b9,acca1bf99e866969388a16c821322ea3e367b7f0bfb48e45fa8fa596e5fb3608,68504.0,68504.0,0.153275721126,37000.0,0.270057222936,0.0,1.0,2.0,1.84640312974,2.0,,,,,,,2.0,1.99979563237,2.0,10500.0,263480.0,25.0933333333,85.0,85.0,37000.0,3.52380952381,74.0,0.0,0.0,0.0,0.0,0.0,31500.0,3.0,3.0,3.0,331980.0,31.6171428571,88.0,88.0,43816.0,68498.0,57998.0,0.846710852872,2.0,2.0,2.0,8.0,1184.0,2.0,0.0773677449492,1.0,2.0,0.0759079761766,1.0,2.0,0.153275721126,1.0,,0.0,0.0,19388.0,0.283019969637,5300.0,0.0,17612.0,0.257094476235,5200.0,0.0,45692.0,57998.0,0.0,10500.0,7.0,1.0,1.0,0.153275721126,1.0,0.846665888123,1.0,57998.0
48,3,stage3_window,skew,10500,2,2,2,7,1,0,51.876,7952e609a809a5b1236df471a20e895be264e144d7568ae1d07d19fd981b952c,0cdae28e1ecd7d1022c8f136dcfe94868903d1479edc55dd863e3b3111aa63b9,0361b2ac299b3164fe5b0b0f64e5d47230f4a73351c01f049bcd1217f2ec7287,52506.0,52506.0,0.199977145469,37000.0,0.352340684874,0.0,1.0,2.0,1.79973717289,2.0,,,,,,,2.0,1.99975240925,2.0,10500.0,199496.0,18.9996190476,79.0,79.0,37000.0,3.52380952381,74.0,0.0,0.0,0.0,0.0,0.0,68001.0,6.47628571429,77.0,3.0,304497.0,28.9997142857,82.0,82.0,28703.0,52500.0,42000.0,0.8,2.0,2.0,2.0,8.0,1280.0,2.0,0.100997981183,1.0,2.0,0.098979164286,1.0,2.0,0.199977145469,1.0,,36001.0,0.0,18500.0,0.352340684874,5303.0,0.0,18500.0,0.352340684874,5197.0,0.0,28809.0,42000.0,0.0,10000.0,7.0,2.0,2.0,0.895154839447,2.0,1.79981335466,2.0,42000.0
49,3,stage3_window,skew,10500,2,2,4,7,1,0,50.785,7952e609a809a5b1236df471a20e895be264e144d7568ae1d07d19fd981b952c,0cdae28e1ecd7d1022c8f136dcfe94868903d1479edc55dd863e3b3111aa63b9,924d02f35a6afd4d8518d87f23f4e087b28dc9a22423ab81db3ee27961e8dd09,47007.0,47007.0,0.2233709873,37000.0,0.393558406195,0.0,1.0,2.0,1.77633118472,2.0,,,,,,,2.0,1.99970217202,2.0,10500.0,177500.0,16.9047619048,76.0,76.0,37000.0,3.52380952381,74.0,0.0,0.0,0.0,0.0,0.0,151000.0,14.380952381,77.0,77.0,365500.0,34.8095238095,80.0,80.0,23819.0,47000.0,36500.0,0.776595744681,2.0,2.0,2.0,8.0,1472.0,2.0,0.113897930096,1.0,2.0,0.109473057204,1.0,2.0,0.2233709873,1.0,,36500.0,0.0,17834.0,0.379390303572,5354.0,0.0,19166.0,0.407726508818,5146.0,0.0,22695.0,36500.0,0.0,9000.0,7.0,4.0,4.0,2.76554555704,4.0,3.77603335673,4.0,36500.0
50,3,stage3_window,skew,10500,2,2,8,7,1,0,48.943,7952e609a809a5b1236df471a20e895be264e144d7568ae1d07d19fd981b952c,0cdae28e1ecd7d1022c8f136dcfe94868903d1479edc55dd863e3b3111aa63b9,3a9fdd4fffecce1d0c17dd6f46666596fefc1d06cd42282f7d9704afc3fd5cb3,45011.0,45011.0,0.233276310235,37000.0,0.411010641843,0.0,1.0,2.0,1.76623492035,2.0,,,,,,,2.0,1.99951123059,2.0,10500.0,169500.0,16.1428571429,72.0,72.0,37000.0,3.52380952381,74.0,0.0,0.0,0.0,0.0,0.0,323000.0,30.7619047619,77.0,77.0,529500.0,50.4285714286,80.0,80.0,20754.0,45000.0,34500.0,0.766666666667,2.0,2.0,2.0,8.0,1856.0,2.0,0.116393770412,1.0,2.0,0.116882539824,1.0,2.0,0.233276310235,1.0,,34504.0,0.0,19018.0,0.422518939815,5239.0,0.0,17982.0,0.399502343871,5261.0,0.0,21768.0,34500.0,0.0,7000.0,7.0,8.0,8.0,6.7094710182,8.0,7.76476861212,8.0,34500.0
51,3,stage3_window,skew,10500,2,2,16,7,1,0,47.789,7952e609a809a5b1236df471a20e895be264e144d7568ae1d07d19fd981b952c,0cdae28e1ecd7d1022c8f136dcfe94868903d1479edc55dd863e3b3111aa63b9,adc866b132cfe2e9e9468047eaddf9bf437ad155880d42eb345969699bf106b4,41019.0,41019.0,0.25597893659,37000.0,0.451010507326,0.0,1.0,2.0,1.74309466345,2.0,,,,,,,2.0,1.99907360004,2.0,10500.0,153500.0,14.619047619,64.0,64.0,37000.0,3.52380952381,74.0,0.0,0.0,0.0,0.0,0.0,619000.0,58.9523809524,77.0,77.0,809500.0,77.0952380952,80.0,80.0,17615.0,41000.0,30500.0,0.743902439024,2.0,2.0,2.0,8.0,2624.0,2.0,0.130378605037,1.0,2.0,0.125600331554,1.0,2.0,0.25597893659,1.0,,30512.0,0.0,18056.0,0.44018625515,5348.0,0.0,18944.0,0.461834759502,5152.0,0.0,16923.0,30500.0,0.0,3000.0,7.0,16.0,16.0,14.5786099125,16.0,15.7366098637,16.0,30500.0
52,3,stage3_window,skew,10500,2,2,32,7,1,0,45.197,7952e609a809a5b1236df471a20e895be264e144d7568ae1d07d19fd981b952c,0cdae28e1ecd7d1022c8f136dcfe94868903d1479edc55dd863e3b3111aa63b9,9b850560bbaabf3d944132ef1915c4fea7ebed34fe864d35c37a12543a0d6097,23777.0,23777.0,0.441603230012,37000.0,0.778062833831,0.0,1.0,2.0,1.55612566766,2.0,,,,,,,2.0,1.99772889767,2.0,10500.0,84500.0,8.04761904762,56.0,56.0,37000.0,3.52380952381,74.0,0.0,0.0,0.0,0.0,0.0,506500.0,48.2380952381,77.0,77.0,628000.0,59.8095238095,80.0,80.0,27.0,23750.0,13250.0,0.557894736842,2.0,2.0,2.0,8.0,4160.0,2.0,0.220801615006,1.0,2.0,0.220801615006,1.0,2.0,0.441603230012,1.0,,13270.0,0.0,18500.0,0.778062833831,5250.0,0.0,18500.0,0.778062833831,5250.0,0.0,27.0,0.0,13250.0,1.0,7.0,32.0,21.0,20.4188922068,23.0,22.4166211044,32.0,0.0
53,3,stage3_window,mixed,10000,2,1,8,7,1,0,121.035,885ef2e95b09b93dcce2e7561a299227a1fa8ba5c64589e1cdb4f4d2607925c0,a53902bc6eaef4a1ea197f9bd6dd931b3c96e6115c6f1721cff13ad70e0402e2,922a1a1af345ba65d14e5c4196e96ef70f1544d0b48df171dcc76eff67e9fca5,238115.0,238115.0,0.0419965142893,466079.0,0.978684669172,0.0,1.0,2.0,1.95713415786,2.0,,,,,,,2.0,1.99953383869,2.0,10000.0,942142.0,94.2142,114.0,103.0,466079.0,46.6079,59.0,53.0,0.0,0.0,0.0,0.0,32004.0,3.2004,21.0,4.0,1440225.0,144.0225,168.0,154.0,68.0,238065.0,228065.0,0.957994665322,2.0,2.0,2.0,6.0,1664.0,1.0,0.0212922327447,1.0,1.0,0.0212082397161,1.0,2.0,0.0419965142893,1.0,,1503.0,0.0,233045.0,0.978707767255,5002.0,0.0,233034.0,0.97866157109,4998.0,0.0,83.0,0.0,228065.0,121.0,7.0,8.0,2.0,0.0499086575814,4.0,2.04977846839,8.0,0.0
54,3,stage3_window,mixed,10000,2,2,8,7,1,0,118.876,885ef2e95b09b93dcce2e7561a299227a1fa8ba5c64589e1cdb4f4d2607925c0,a53902bc6eaef4a1ea197f9bd6dd931b3c96e6115c6f1721cff13ad70e0402e2,7d098ed015cce99edf435291f22dc2df50098f0e3df2dc97c526cd99936a873f,238115.0,238115.0,0.0419965142893,466079.0,0.978684669172,0.0,1.0,2.0,1.95713415786,2.0,,,,,,,2.0,1.99953383869,2.0,10000.0,942142.0,94.2142,114.0,103.0,466079.0,46.6079,59.0,53.0,0.0,0.0,0.0,0.0,32004.0,3.2004,21.0,4.0,1440225.0,144.0225,168.0,154.0,68.0,238065.0,228065.0,0.957994665322,2.0,2.0,2.0,8.0,1856.0,2.0,0.0212922327447,1.0,2.0,0.0212082397161,1.0,2.0,0.0419965142893,1.0,,1503.0,0.0,233045.0,0.978707767255,5002.0,0.0,233034.0,0.97866157109,4998.0,0.0,83.0,0.0,228065.0,121.0,7.0,8.0,2.0,0.0499086575814,4.0,2.04977846839,8.0,0.0
55,3,stage3_window,mixed,10000,2,4,8,7,1,0,120.892,885ef2e95b09b93dcce2e7561a299227a1fa8ba5c64589e1cdb4f4d2607925c0,a53902bc6eaef4a1ea197f9bd6dd931b3c96e6115c6f1721cff13ad70e0402e2,35dd3db3fcbe072e30a313e973ad0e26d5bf668ecafbbfab2d03eb3fddaedb54,238115.0,238115.0,0.0419965142893,466079.0,0.978684669172,0.0,1.0,2.0,1.95713415786,2.0,,,,,,,2.0,1.99953383869,2.0,10000.0,942142.0,94.2142,114.0,103.0,466079.0,46.6079,59.0,53.0,0.0,0.0,0.0,0.0,32004.0,3.2004,21.0,4.0,1440225.0,144.0225,168.0,154.0,68.0,238065.0,228065.0,0.957994665322,2.0,2.0,2.0,12.0,2240.0,4.0,0.0212922327447,1.0,4.0,0.0212082397161,1.0,2.0,0.0419965142893,1.0,,1503.0,0.0,233045.0,0.978707767255,5002.0,0.0,233034.0,0.97866157109,4998.0,0.0,83.0,0.0,228065.0,121.0,7.0,8.0,2.0,0.0499086575814,4.0,2.04977846839,8.0,0.0
56,3,stage3_window,mixed,10000,2,8,8,7,1,0,119.785,885ef2e95b09b93dcce2e7561a299227a1fa8ba5c64589e1cdb4f4d2607925c0,a53902bc6eaef4a1ea197f9bd6dd931b3c96e6115c6f1721cff13ad70e0402e2,ff70e0405e6a55628807f9fa6a12800ebc7ae4fa475ed920d715dd5eabf59745,238115.0,238115.0,0.0419965142893,466079.0,0.978684669172,0.0,1.0,2.0,1.95713415786,2.0,,,,,,,2.0,1.99953383869,2.0,10000.0,942142.0,94.2142,114.0,103.0,466079.0,46.6079,59.0,53.0,0.0,0.0,0.0,0.0,32004.0,3.2004,21.0,4.0,1440225.0,144.0225,168.0,154.0,68.0,238065.0,228065.0,0.957994665322,2.0,2.0,2.0,20.0,3008.0,8.0,0.0212922327447,1.0,8.0,0.0212082397161,1.0,2.0,0.0419965142893,1.0,,1503.0,0.0,233045.0,0.978707767255,5002.0,0.0,233034.0,0.97866157109,4998.0,0.0,83.0,0.0,228065.0,121.0,7.0,8.0,2.0,0.0499086575814,4.0,2.04977846839,8.0,0.0
57,3,stage3_window,skew_small,42,2,2,8,7,1,1,36.345,d6cc0076b80740ce7d087987b2ccb1edd97a168f1cb644a992451260470976a5,7f40268b466e51405498e7b7dff3698bfab239dd9ad07e6c3eee9cdcef572625,4a3ee6114ab20525096e0fcb9f9b2622015e9a89e2eb410d232bd14fbd207210,191.0,191.0,0.219895287958,148.0,0.387434554974,0.0,1.0,2.0,1.66492146597,2.0,,,,,,,2.0,1.88481675393,2.0,42.0,678.0,16.1428571429,72.0,72.0,148.0,3.52380952381,74.0,0.0,0.0,0.0,0.0,0.0,1292.0,30.7619047619,77.0,77.0,2118.0,50.4285714286,80.0,80.0,97.0,180.0,138.0,0.766666666667,2.0,2.0,2.0,8.0,1856.0,2.0,0.104712041885,1.0,2.0,0.115183246073,1.0,2.0,0.219895287958,1.0,,142.0,0.0,74.0,0.387434554974,20.0,0.0,74.0,0.387434554974,22.0,0.0,95.0,138.0,0.0,28.0,7.0,8.0,8.0,6.32460732984,8.0,7.31937172775,8.0,138.0
58,4,stage3_window,empty,0,2,2,8,7,1,0,25.339,e3b0c44298fc1c149afbf4c8996fb92427ae41e4649b934ca495991b7852b855,e3b0c44298fc1c149afbf4c8996fb92427ae41e4649b934ca495991b7852b855,664655e0bc068b1bfd17b14e98c36874a0bddb6b94dc15b26be0a010b2ba047d,1.0,1.0,0.0,0.0,0.0,0.0,1.0,2.0,0.0,0.0,,,,,,,2.0,0.0,0.0,0.0,0.0,0.0,0.0,0.0,0.0,0.0,0.0,0.0,0.0,0.0,0.0,0.0,0.0,0.0,0.0,0.0,0.0,0.0,0.0,0.0,1.0,0.0,0.0,0.0,2.0,2.0,2.0,8.0,1856.0,2.0,0.0,0.0,2.0,0.0,0.0,2.0,0.0,0.0,,0.0,0.0,0.0,0.0,0.0,0.0,0.0,0.0,0.0,0.0,1.0,0.0,0.0,0.0,7.0,8.0,0.0,0.0,0.0,0.0,8.0,0.0
59,4,stage4,empty,0,2,2,8,7,1,0,25.22,e3b0c44298fc1c149afbf4c8996fb92427ae41e4649b934ca495991b7852b855,e3b0c44298fc1c149afbf4c8996fb92427ae41e4649b934ca495991b7852b855,664655e0bc068b1bfd17b14e98c36874a0bddb6b94dc15b26be0a010b2ba047d,1.0,1.0,0.0,0.0,0.0,0.0,1.0,2.0,0.0,0.0,,,,,,,2.0,0.0,0.0,0.0,0.0,0.0,0.0,0.0,0.0,0.0,0.0,0.0,0.0,0.0,0.0,0.0,0.0,0.0,0.0,0.0,0.0,0.0,0.0,0.0,1.0,0.0,0.0,0.0,2.0,2.0,2.0,8.0,1856.0,2.0,0.0,0.0,2.0,0.0,0.0,2.0,0.0,0.0,,0.0,0.0,0.0,0.0,0.0,0.0,0.0,0.0,0.0,0.0,1.0,0.0,0.0,0.0,7.0,8.0,0.0,0.0,0.0,0.0,8.0,0.0
60,4,stage3_window,single,1,2,2,8,7,1,0,25.947,097eb15f7a6054f4d02f942402616fc2b7159ca169feb618171f178fe7a83747,06e9d52c1720fca412803e3b07c4b228ff113e303f4c7ab94665319d832bbfb7,cc5a00a564c1d9ad0936ae253adc14fbb2c19257a1ad82f2b1823d5b3778d319,13.0,13.0,0.0769230769231,6.0,0.230769230769,0.0,1.0,2.0,0.0769230769231,1.0,,,,,,,2.0,0.153846153846,1.0,1.0,3.0,3.0,3.0,3.0,6.0,6.0,6.0,6.0,0.0,0.0,0.0,0.0,3.0,3.0,3.0,3.0,12.0,12.0,12.0,12.0,13.0,1.0,0.0,0.0,2.0,2.0,2.0,8.0,1856.0,2.0,0.0,0.0,2.0,0.0769230769231,1.0,2.0,0.0769230769231,1.0,,0.0,0.0,0.0,0.0,0.0,0.0,6.0,0.461538461538,1.0,0.0,6.0,0.0,0.0,1.0,7.0,8.0,1.0,0.0769230769231,1.0,0.615384615385,8.0,0.0
61,4,stage4,single,1,2,2,8,7,1,0,24.441,097eb15f7a6054f4d02f942402616fc2b7159ca169feb618171f178fe7a83747,06e9d52c1720fca412803e3b07c4b228ff113e303f4c7ab94665319d832bbfb7,cc5a00a564c1d9ad0936ae253adc14fbb2c19257a1ad82f2b1823d5b3778d319,13.0,13.0,0.0769230769231,6.0,0.230769230769,0.0,1.0,2.0,0.0769230769231,1.0,,,,,,,2.0,0.153846153846,1.0,1.0,3.0,3.0,3.0,3.0,6.0,6.0,6.0,6.0,0.0,0.0,0.0,0.0,3.0,3.0,3.0,3.0,12.0,12.0,12.0,12.0,13.0,1.0,0.0,0.0,2.0,2.0,2.0,8.0,1856.0,2.0,0.0,0.0,2.0,0.0769230769231,1.0,2.0,0.0769230769231,1.0,,0.0,0.0,0.0,0.0,0.0,0.0,6.0,0.461538461538,1.0,0.0,6.0,0.0,0.0,1.0,7.0,8.0,1.0,0.0769230769231,1.0,0.615384615385,8.0,0.0
62,4,stage3_window,zero_delay,30000,2,2,8,7,1,0,64.863,5812710e37b5b47b15626e10a35fef1775716e974d9fe0b18b9fc2c1143cfdbf,64be96caa82af4e31b3e59314db9f31964175c8a81d68181ac7e9da4cf47cc51,9092890151b97b9e05908414edf5618bd140047a4c111a0d8cb158b7d1fd577c,30006.0,30006.0,0.999800039992,0.0,0.0,0.0,1.0,2.0,0.999800039992,1.0,,,,,,,2.0,1.99960007998,2.0,30000.0,90000.0,3.0,3.0,3.0,0.0,0.0,0.0,0.0,0.0,0.0,0.0,0.0,90000.0,3.0,3.0,3.0,180000.0,6.0,6.0,6.0,14848.0,30000.0,0.0,0.0,2.0,2.0,2.0,8.0,1856.0,2.0,0.50516563354,1.0,2.0,0.494634406452,1.0,2.0,0.999800039992,1.0,,0.0,0.0,0.0,0.0,15158.0,0.0,0.0,0.0,14842.0,0.0,15164.0,0.0,0.0,30000.0,7.0,8.0,1.0,0.999800039992,2.0,1.99960007998,8.0,0.0
63,4,stage4,zero_delay,30000,2,2,8,7,1,0,63.991,5812710e37b5b47b15626e10a35fef1775716e974d9fe0b18b9fc2c1143cfdbf,64be96caa82af4e31b3e59314db9f31964175c8a81d68181ac7e9da4cf47cc51,9092890151b97b9e05908414edf5618bd140047a4c111a0d8cb158b7d1fd577c,30006.0,30006.0,0.999800039992,0.0,0.0,0.0,1.0,2.0,0.999800039992,1.0,,,,,,,2.0,1.99960007998,2.0,30000.0,90000.0,3.0,3.0,3.0,0.0,0.0,0.0,0.0,0.0,0.0,0.0,0.0,90000.0,3.0,3.0,3.0,180000.0,6.0,6.0,6.0,14848.0,30000.0,0.0,0.0,2.0,2.0,2.0,8.0,1856.0,2.0,0.50516563354,1.0,2.0,0.494634406452,1.0,2.0,0.999800039992,1.0,,0.0,0.0,0.0,0.0,15158.0,0.0,0.0,0.0,14842.0,0.0,15164.0,0.0,0.0,30000.0,7.0,8.0,1.0,0.999800039992,2.0,1.99960007998,8.0,0.0
64,4,stage3_window,short,10000,2,2,8,7,1,0,70.202,f5a95772f89fa27eee2a2821de0dc0d3f34a290c60fe6dbaf1792828455023db,b8295aeff307589fd570c3fd018b9e74ea22ec45e3e0c4d6b1a024e3de34d88c,bb3b1aeee064d97415c77ea8126dc0da2acabfc3ede44e0bbeeb6e1cb3d2d041,35007.0,35007.0,0.285657154283,60000.0,0.85697146285,0.0,1.0,2.0,1.71337161139,2.0,,,,,,,2.0,1.99931442283,2.0,10000.0,129970.0,12.997,13.0,13.0,60000.0,6.0,6.0,6.0,0.0,0.0,0.0,0.0,30000.0,3.0,3.0,3.0,219970.0,21.997,22.0,22.0,7.0,34995.0,24995.0,0.714244892127,2.0,2.0,2.0,8.0,1856.0,2.0,0.142828577142,1.0,2.0,0.142828577142,1.0,2.0,0.285657154283,1.0,,0.0,0.0,30000.0,0.85697146285,5000.0,0.0,30000.0,0.85697146285,5000.0,0.0,7.0,0.0,24995.0,1.0,7.0,8.0,1.0,0.285657154283,3.0,2.28525723427,8.0,0.0
65,4,stage4,short,10000,2,2,8,7,1,0,69.384,f5a95772f89fa27eee2a2821de0dc0d3f34a290c60fe6dbaf1792828455023db,b8295aeff307589fd570c3fd018b9e74ea22ec45e3e0c4d6b1a024e3de34d88c,bb3b1aeee064d97415c77ea8126dc0da2acabfc3ede44e0bbeeb6e1cb3d2d041,35007.0,35007.0,0.285657154283,60000.0,0.85697146285,0.0,1.0,2.0,1.71337161139,2.0,,,,,,,2.0,1.99931442283,2.0,10000.0,129970.0,12.997,13.0,13.0,60000.0,6.0,6.0,6.0,0.0,0.0,0.0,0.0,30000.0,3.0,3.0,3.0,219970.0,21.997,22.0,22.0,7.0,34995.0,24995.0,0.714244892127,2.0,2.0,2.0,8.0,1856.0,2.0,0.142828577142,1.0,2.0,0.142828577142,1.0,2.0,0.285657154283,1.0,,0.0,0.0,30000.0,0.85697146285,5000.0,0.0,30000.0,0.85697146285,5000.0,0.0,7.0,0.0,24995.0,1.0,7.0,8.0,1.0,0.285657154283,3.0,2.28525723427,8.0,0.0
66,4,stage3_window,long,10000,2,2,8,7,1,0,173.538,ab08f8c25b634c2eef790e18cc09795f8aec50848eb83bb5a243af414f755979,ecb6e11e3f612e74d0c97b29986a880dfe2d9556c721b039acf46f59726824f6,9a9e83c2d62aa37d071493ca37cb962c2eef9444767187a18dba5de2260a34da,375007.0,375007.0,0.0266661688982,740000.0,0.986648249233,0.0,1.0,2.0,1.97251784633,2.0,,,,,,,2.0,1.9995733413,2.0,10000.0,1489562.0,148.9562,149.0,149.0,740000.0,74.0,74.0,74.0,0.0,0.0,0.0,0.0,30000.0,3.0,3.0,3.0,2259562.0,225.9562,226.0,226.0,7.0,374927.0,364927.0,0.973328141211,2.0,2.0,2.0,8.0,1856.0,2.0,0.0133330844491,1.0,2.0,0.0133330844491,1.0,2.0,0.0266661688982,1.0,,0.0,0.0,370000.0,0.986648249233,5000.0,0.0,370000.0,0.986648249233,5000.0,0.0,7.0,0.0,364927.0,1.0,7.0,8.0,1.0,0.0266661688982,3.0,2.02662883626,8.0,0.0
67,4,stage4,long,10000,2,2,8,7,1,0,70.658,ab08f8c25b634c2eef790e18cc09795f8aec50848eb83bb5a243af414f755979,ecb6e11e3f612e74d0c97b29986a880dfe2d9556c721b039acf46f59726824f6,9a9e83c2d62aa37d071493ca37cb962c2eef9444767187a18dba5de2260a34da,375007.0,375007.0,0.0266661688982,740000.0,0.986648249233,0.0,1.0,2.0,1.97251784633,2.0,,,,,,,2.0,1.9995733413,2.0,10000.0,1489562.0,148.9562,149.0,149.0,740000.0,74.0,74.0,74.0,0.0,0.0,0.0,0.0,30000.0,3.0,3.0,3.0,2259562.0,225.9562,226.0,226.0,7.0,374927.0,364927.0,0.973328141211,2.0,2.0,2.0,8.0,1856.0,2.0,0.0133330844491,1.0,2.0,0.0133330844491,1.0,2.0,0.0266661688982,1.0,,0.0,0.0,370000.0,0.986648249233,5000.0,0.0,370000.0,0.986648249233,5000.0,0.0,7.0,0.0,364927.0,1.0,7.0,8.0,1.0,0.0266661688982,3.0,2.02662883626,8.0,0.0
68,4,stage3_window,mixed,10000,2,2,8,7,1,0,115.462,885ef2e95b09b93dcce2e7561a299227a1fa8ba5c64589e1cdb4f4d2607925c0,a53902bc6eaef4a1ea197f9bd6dd931b3c96e6115c6f1721cff13ad70e0402e2,7d098ed015cce99edf435291f22dc2df50098f0e3df2dc97c526cd99936a873f,238115.0,238115.0,0.0419965142893,466079.0,0.978684669172,0.0,1.0,2.0,1.95713415786,2.0,,,,,,,2.0,1.99953383869,2.0,10000.0,942142.0,94.2142,114.0,103.0,466079.0,46.6079,59.0,53.0,0.0,0.0,0.0,0.0,32004.0,3.2004,21.0,4.0,1440225.0,144.0225,168.0,154.0,68.0,238065.0,228065.0,0.957994665322,2.0,2.0,2.0,8.0,1856.0,2.0,0.0212922327447,1.0,2.0,0.0212082397161,1.0,2.0,0.0419965142893,1.0,,1503.0,0.0,233045.0,0.978707767255,5002.0,0.0,233034.0,0.97866157109,4998.0,0.0,83.0,0.0,228065.0,121.0,7.0,8.0,2.0,0.0499086575814,4.0,2.04977846839,8.0,0.0
69,4,stage4,mixed,10000,2,2,8,7,1,0,63.079,885ef2e95b09b93dcce2e7561a299227a1fa8ba5c64589e1cdb4f4d2607925c0,a53902bc6eaef4a1ea197f9bd6dd931b3c96e6115c6f1721cff13ad70e0402e2,7d098ed015cce99edf435291f22dc2df50098f0e3df2dc97c526cd99936a873f,238115.0,238115.0,0.0419965142893,466079.0,0.978684669172,0.0,1.0,2.0,1.95713415786,2.0,,,,,,,2.0,1.99953383869,2.0,10000.0,942142.0,94.2142,114.0,103.0,466079.0,46.6079,59.0,53.0,0.0,0.0,0.0,0.0,32004.0,3.2004,21.0,4.0,1440225.0,144.0225,168.0,154.0,68.0,238065.0,228065.0,0.957994665322,2.0,2.0,2.0,8.0,1856.0,2.0,0.0212922327447,1.0,2.0,0.0212082397161,1.0,2.0,0.0419965142893,1.0,,1503.0,0.0,233045.0,0.978707767255,5002.0,0.0,233034.0,0.97866157109,4998.0,0.0,83.0,0.0,228065.0,121.0,7.0,8.0,2.0,0.0499086575814,4.0,2.04977846839,8.0,0.0
70,4,stage3_window,skew,10500,2,2,8,7,1,0,51.888,7952e609a809a5b1236df471a20e895be264e144d7568ae1d07d19fd981b952c,0cdae28e1ecd7d1022c8f136dcfe94868903d1479edc55dd863e3b3111aa63b9,3a9fdd4fffecce1d0c17dd6f46666596fefc1d06cd42282f7d9704afc3fd5cb3,45011.0,45011.0,0.233276310235,37000.0,0.411010641843,0.0,1.0,2.0,1.76623492035,2.0,,,,,,,2.0,1.99951123059,2.0,10500.0,169500.0,16.1428571429,72.0,72.0,37000.0,3.52380952381,74.0,0.0,0.0,0.0,0.0,0.0,323000.0,30.7619047619,77.0,77.0,529500.0,50.4285714286,80.0,80.0,20754.0,45000.0,34500.0,0.766666666667,2.0,2.0,2.0,8.0,1856.0,2.0,0.116393770412,1.0,2.0,0.116882539824,1.0,2.0,0.233276310235,1.0,,34504.0,0.0,19018.0,0.422518939815,5239.0,0.0,17982.0,0.399502343871,5261.0,0.0,21768.0,34500.0,0.0,7000.0,7.0,8.0,8.0,6.7094710182,8.0,7.76476861212,8.0,34500.0
71,4,stage4,skew,10500,2,2,8,7,1,0,40.186,7952e609a809a5b1236df471a20e895be264e144d7568ae1d07d19fd981b952c,0cdae28e1ecd7d1022c8f136dcfe94868903d1479edc55dd863e3b3111aa63b9,3a9fdd4fffecce1d0c17dd6f46666596fefc1d06cd42282f7d9704afc3fd5cb3,45011.0,45011.0,0.233276310235,37000.0,0.411010641843,0.0,1.0,2.0,1.76623492035,2.0,,,,,,,2.0,1.99951123059,2.0,10500.0,169500.0,16.1428571429,72.0,72.0,37000.0,3.52380952381,74.0,0.0,0.0,0.0,0.0,0.0,323000.0,30.7619047619,77.0,77.0,529500.0,50.4285714286,80.0,80.0,20754.0,45000.0,34500.0,0.766666666667,2.0,2.0,2.0,8.0,1856.0,2.0,0.116393770412,1.0,2.0,0.116882539824,1.0,2.0,0.233276310235,1.0,,34504.0,0.0,19018.0,0.422518939815,5239.0,0.0,17982.0,0.399502343871,5261.0,0.0,21768.0,34500.0,0.0,7000.0,7.0,8.0,8.0,6.7094710182,8.0,7.76476861212,8.0,34500.0
72,4,stage3_window,slow_sink,2000,2,2,8,7,1000,0,651.995,3c7d0ab8b6fb3b3c13bea627020a61b81accd9f2e6676e5c2a8dc0a646689156,fe32f976278c6a412e4ca31f72f9f4613111873ad16ad94ea0571671c52142a9,639f601e6fa555ff63ff22d72a50ed610325ae41194c72783233afe8ed1cbd3a,2000000.0,2000000.0,0.001,12000.0,0.003,0.0,1000.0,2.0,1.9865015,2.0,,,,,,,2.0,1.9894995,2.0,2000.0,7952002.0,3976.001,3999.0,3999.0,12000.0,6.0,6.0,6.0,0.0,0.0,0.0,0.0,19938835.0,9969.4175,9992.0,9992.0,27902837.0,13951.4185,13997.0,13997.0,1992916.0,1989999.0,1987999.0,0.998994974369,2.0,2.0,2.0,8.0,1856.0,2.0,0.000506,1.0,2.0,0.000494,1.0,2.0,1.9984885,2.0,,0.0,1995985.0,6072.0,0.003036,1012.0,0.0,5928.0,0.002964,988.0,0.0,1993084.0,1987979.0,20.0,1991.0,7.0,8.0,8.0,7.969929,8.0,7.976929,8.0,1987974.0
73,4,stage4,slow_sink,2000,2,2,8,7,1000,0,32.5,3c7d0ab8b6fb3b3c13bea627020a61b81accd9f2e6676e5c2a8dc0a646689156,fe32f976278c6a412e4ca31f72f9f4613111873ad16ad94ea0571671c52142a9,639f601e6fa555ff63ff22d72a50ed610325ae41194c72783233afe8ed1cbd3a,2000000.0,2000000.0,0.001,12000.0,0.003,0.0,1000.0,2.0,1.9865015,2.0,,,,,,,2.0,1.9894995,2.0,2000.0,7952002.0,3976.001,3999.0,3999.0,12000.0,6.0,6.0,6.0,0.0,0.0,0.0,0.0,19938835.0,9969.4175,9992.0,9992.0,27902837.0,13951.4185,13997.0,13997.0,1992916.0,1989999.0,1987999.0,0.998994974369,2.0,2.0,2.0,8.0,1856.0,2.0,0.000506,1.0,2.0,0.000494,1.0,2.0,1.9984885,2.0,,0.0,1995985.0,6072.0,0.003036,1012.0,0.0,5928.0,0.002964,988.0,0.0,1993084.0,1987979.0,20.0,1991.0,7.0,8.0,8.0,7.969929,8.0,7.976929,8.0,1987974.0
74,4,stage3_window,sparse_wait,1,2,2,8,7,2000000,0,544.433,097eb15f7a6054f4d02f942402616fc2b7159ca169feb618171f178fe7a83747,06e9d52c1720fca412803e3b07c4b228ff113e303f4c7ab94665319d832bbfb7,74ee21aee675d213eb466749b401a10eec3572c29ebaadf3f6628ae29fa5422b,2000000.0,2000000.0,5e-07,6.0,1.5e-06,0.0,2000000.0,2.0,5e-07,1.0,,,,,,,2.0,1e-06,1.0,1.0,3.0,3.0,3.0,3.0,6.0,6.0,6.0,6.0,0.0,0.0,0.0,0.0,1999990.0,1999990.0,1999990.0,1999990.0,1999999.0,1999999.0,1999999.0,1999999.0,2000000.0,1.0,0.0,0.0,2.0,2.0,2.0,8.0,1856.0,2.0,0.0,0.0,2.0,5e-07,1.0,2.0,0.999994,1.0,,0.0,0.0,0.0,0.0,0.0,0.0,6.0,3e-06,1.0,0.0,1999993.0,0.0,0.0,1.0,7.0,8.0,1.0,5e-07,1.0,4e-06,8.0,0.0
75,4,stage4,sparse_wait,1,2,2,8,7,2000000,0,23.953,097eb15f7a6054f4d02f942402616fc2b7159ca169feb618171f178fe7a83747,06e9d52c1720fca412803e3b07c4b228ff113e303f4c7ab94665319d832bbfb7,74ee21aee675d213eb466749b401a10eec3572c29ebaadf3f6628ae29fa5422b,2000000.0,2000000.0,5e-07,6.0,1.5e-06,0.0,2000000.0,2.0,5e-07,1.0,,,,,,,2.0,1e-06,1.0,1.0,3.0,3.0,3.0,3.0,6.0,6.0,6.0,6.0,0.0,0.0,0.0,0.0,1999990.0,1999990.0,1999990.0,1999990.0,1999999.0,1999999.0,1999999.0,1999999.0,2000000.0,1.0,0.0,0.0,2.0,2.0,2.0,8.0,1856.0,2.0,0.0,0.0,2.0,5e-07,1.0,2.0,0.999994,1.0,,0.0,0.0,0.0,0.0,0.0,0.0,6.0,3e-06,1.0,0.0,1999993.0,0.0,0.0,1.0,7.0,8.0,1.0,5e-07,1.0,4e-06,8.0,0.0
