id,event,cycle,a,b,value,latency
0,parser_send,1,0,0,0,0
1,parser_send,2,0,0,0,0
0,transform_accept,2,0,0,0,0
2,parser_send,3,0,0,0,0
1,transform_accept,3,0,0,0,0
3,parser_send,4,0,0,0,0
0,link,4,1836311903,1134903170,1,0
0,transform_emit,4,1836311903,1134903170,0,0
2,transform_accept,4,0,0,0,0
0,random_choice,4,1,1,0,0
0,compute_unit,4,1,0,0,0
0,compute_accept,4,1836311903,1134903170,1,74
4,parser_send,5,0,0,0,0
1,link,5,1,1,1,0
1,transform_emit,5,1,1,0,0
3,transform_accept,5,0,0,0,0
1,compute_unit,5,0,0,0,0
1,compute_accept,5,1,1,1,1
5,parser_send,6,0,0,0,0
2,link,6,2,2,0,0
2,engines_blocked,6,0,0,0,0
1,compute_complete,6,0,0,1,0
1,compute_emit,6,0,0,1,0
2,link,7,2,2,1,0
2,transform_emit,7,2,2,0,0
4,transform_accept,7,0,0,0,0
2,compute_unit,7,0,0,0,0
2,compute_accept,7,2,2,2,1
1,window_store,7,0,0,1,0
6,parser_send,8,0,0,0,0
3,link,8,3,3,0,0
3,engines_blocked,8,0,0,0,0
2,compute_complete,8,0,0,2,0
2,compute_emit,8,0,0,2,0
0,reorder_wait,8,0,0,0,0
3,link,9,3,3,1,0
3,transform_emit,9,3,3,0,0
5,transform_accept,9,0,0,0,0
3,compute_unit,9,0,0,0,0
3,compute_accept,9,3,3,3,1
0,reorder_wait,9,0,0,0,0
2,window_store,9,0,0,2,0
7,parser_send,10,0,0,0,0
4,link,10,4,4,0,0
4,engines_blocked,10,0,0,0,0
3,compute_complete,10,0,0,3,0
3,compute_emit,10,0,0,3,0
0,reorder_wait,10,0,0,0,0
4,link,11,4,4,1,0
4,transform_emit,11,4,4,0,0
6,transform_accept,11,0,0,0,0
4,compute_unit,11,0,0,0,0
4,compute_accept,11,4,4,4,1
0,reorder_wait,11,0,0,0,0
3,window_store,11,0,0,3,0
8,parser_send,12,0,0,0,0
5,link,12,5,5,0,0
5,engines_blocked,12,0,0,0,0
4,compute_complete,12,0,0,4,0
4,compute_emit,12,0,0,4,0
0,reorder_wait,12,0,0,0,0
5,link,13,5,5,1,0
5,transform_emit,13,5,5,0,0
7,transform_accept,13,0,0,0,0
5,compute_unit,13,0,0,0,0
5,compute_accept,13,5,5,5,1
0,reorder_wait,13,0,0,0,0
4,window_store,13,0,0,4,0
9,parser_send,14,0,0,0,0
6,link,14,6,6,0,0
6,engines_blocked,14,0,0,0,0
5,compute_complete,14,0,0,5,0
5,compute_emit,14,0,0,5,0
0,reorder_wait,14,0,0,0,0
6,link,15,6,6,1,0
6,transform_emit,15,6,6,0,0
8,transform_accept,15,0,0,0,0
6,compute_unit,15,0,0,0,0
6,compute_accept,15,6,6,6,1
0,reorder_wait,15,0,0,0,0
5,window_store,15,0,0,5,0
10,parser_send,16,0,0,0,0
7,link,16,7,7,0,0
7,engines_blocked,16,0,0,0,0
6,compute_complete,16,0,0,6,0
6,compute_emit,16,0,0,6,0
0,reorder_wait,16,0,0,0,0
7,link,17,7,7,1,0
7,transform_emit,17,7,7,0,0
9,transform_accept,17,0,0,0,0
7,compute_unit,17,0,0,0,0
7,compute_accept,17,7,7,7,1
0,reorder_wait,17,0,0,0,0
6,window_store,17,0,0,6,0
11,parser_send,18,0,0,0,0
8,link,18,8,8,0,0
8,window_blocked,18,0,0,0,0
7,compute_complete,18,0,0,7,0
7,compute_emit,18,0,0,7,0
0,reorder_wait,18,0,0,0,0
8,link,19,8,8,0,0
8,window_blocked,19,0,0,0,0
0,reorder_wait,19,0,0,0,0
7,window_store,19,0,0,7,0
8,link,20,8,8,0,0
8,window_blocked,20,0,0,0,0
0,reorder_wait,20,0,0,0,0
8,link,21,8,8,0,0
8,window_blocked,21,0,0,0,0
0,reorder_wait,21,0,0,0,0
8,link,22,8,8,0,0
8,window_blocked,22,0,0,0,0
0,reorder_wait,22,0,0,0,0
8,link,23,8,8,0,0
8,window_blocked,23,0,0,0,0
0,reorder_wait,23,0,0,0,0
8,link,24,8,8,0,0
8,window_blocked,24,0,0,0,0
0,reorder_wait,24,0,0,0,0
8,link,25,8,8,0,0
8,window_blocked,25,0,0,0,0
0,reorder_wait,25,0,0,0,0
8,link,26,8,8,0,0
8,window_blocked,26,0,0,0,0
0,reorder_wait,26,0,0,0,0
8,link,27,8,8,0,0
8,window_blocked,27,0,0,0,0
0,reorder_wait,27,0,0,0,0
8,link,28,8,8,0,0
8,window_blocked,28,0,0,0,0
0,reorder_wait,28,0,0,0,0
8,link,29,8,8,0,0
8,window_blocked,29,0,0,0,0
0,reorder_wait,29,0,0,0,0
8,link,30,8,8,0,0
8,window_blocked,30,0,0,0,0
0,reorder_wait,30,0,0,0,0
8,link,31,8,8,0,0
8,window_blocked,31,0,0,0,0
0,reorder_wait,31,0,0,0,0
8,link,32,8,8,0,0
8,window_blocked,32,0,0,0,0
0,reorder_wait,32,0,0,0,0
8,link,33,8,8,0,0
8,window_blocked,33,0,0,0,0
0,reorder_wait,33,0,0,0,0
8,link,34,8,8,0,0
8,window_blocked,34,0,0,0,0
0,reorder_wait,34,0,0,0,0
8,link,35,8,8,0,0
8,window_blocked,35,0,0,0,0
0,reorder_wait,35,0,0,0,0
8,link,36,8,8,0,0
8,window_blocked,36,0,0,0,0
0,reorder_wait,36,0,0,0,0
8,link,37,8,8,0,0
8,window_blocked,37,0,0,0,0
0,reorder_wait,37,0,0,0,0
8,link,38,8,8,0,0
8,window_blocked,38,0,0,0,0
0,reorder_wait,38,0,0,0,0
8,link,39,8,8,0,0
8,window_blocked,39,0,0,0,0
0,reorder_wait,39,0,0,0,0
8,link,40,8,8,0,0
8,window_blocked,40,0,0,0,0
0,reorder_wait,40,0,0,0,0
8,link,41,8,8,0,0
8,window_blocked,41,0,0,0,0
0,reorder_wait,41,0,0,0,0
8,link,42,8,8,0,0
8,window_blocked,42,0,0,0,0
0,reorder_wait,42,0,0,0,0
8,link,43,8,8,0,0
8,window_blocked,43,0,0,0,0
0,reorder_wait,43,0,0,0,0
8,link,44,8,8,0,0
8,window_blocked,44,0,0,0,0
0,reorder_wait,44,0,0,0,0
8,link,45,8,8,0,0
8,window_blocked,45,0,0,0,0
0,reorder_wait,45,0,0,0,0
8,link,46,8,8,0,0
8,window_blocked,46,0,0,0,0
0,reorder_wait,46,0,0,0,0
8,link,47,8,8,0,0
8,window_blocked,47,0,0,0,0
0,reorder_wait,47,0,0,0,0
8,link,48,8,8,0,0
8,window_blocked,48,0,0,0,0
0,reorder_wait,48,0,0,0,0
8,link,49,8,8,0,0
8,window_blocked,49,0,0,0,0
0,reorder_wait,49,0,0,0,0
8,link,50,8,8,0,0
8,window_blocked,50,0,0,0,0
0,reorder_wait,50,0,0,0,0
8,link,51,8,8,0,0
8,window_blocked,51,0,0,0,0
0,reorder_wait,51,0,0,0,0
8,link,52,8,8,0,0
8,window_blocked,52,0,0,0,0
0,reorder_wait,52,0,0,0,0
8,link,53,8,8,0,0
8,window_blocked,53,0,0,0,0
0,reorder_wait,53,0,0,0,0
8,link,54,8,8,0,0
8,window_blocked,54,0,0,0,0
0,reorder_wait,54,0,0,0,0
8,link,55,8,8,0,0
8,window_blocked,55,0,0,0,0
0,reorder_wait,55,0,0,0,0
8,link,56,8,8,0,0
8,window_blocked,56,0,0,0,0
0,reorder_wait,56,0,0,0,0
8,link,57,8,8,0,0
8,window_blocked,57,0,0,0,0
0,reorder_wait,57,0,0,0,0
8,link,58,8,8,0,0
8,window_blocked,58,0,0,0,0
0,reorder_wait,58,0,0,0,0
8,link,59,8,8,0,0
8,window_blocked,59,0,0,0,0
0,reorder_wait,59,0,0,0,0
8,link,60,8,8,0,0
8,window_blocked,60,0,0,0,0
0,reorder_wait,60,0,0,0,0
8,link,61,8,8,0,0
8,window_blocked,61,0,0,0,0
0,reorder_wait,61,0,0,0,0
8,link,62,8,8,0,0
8,window_blocked,62,0,0,0,0
0,reorder_wait,62,0,0,0,0
8,link,63,8,8,0,0
8,window_blocked,63,0,0,0,0
0,reorder_wait,63,0,0,0,0
8,link,64,8,8,0,0
8,window_blocked,64,0,0,0,0
0,reorder_wait,64,0,0,0,0
8,link,65,8,8,0,0
8,window_blocked,65,0,0,0,0
0,reorder_wait,65,0,0,0,0
8,link,66,8,8,0,0
8,window_blocked,66,0,0,0,0
0,reorder_wait,66,0,0,0,0
8,link,67,8,8,0,0
8,window_blocked,67,0,0,0,0
0,reorder_wait,67,0,0,0,0
8,link,68,8,8,0,0
8,window_blocked,68,0,0,0,0
0,reorder_wait,68,0,0,0,0
8,link,69,8,8,0,0
8,window_blocked,69,0,0,0,0
0,reorder_wait,69,0,0,0,0
8,link,70,8,8,0,0
8,window_blocked,70,0,0,0,0
0,reorder_wait,70,0,0,0,0
8,link,71,8,8,0,0
8,window_blocked,71,0,0,0,0
0,reorder_wait,71,0,0,0,0
8,link,72,8,8,0,0
8,window_blocked,72,0,0,0,0
0,reorder_wait,72,0,0,0,0
8,link,73,8,8,0,0
8,window_blocked,73,0,0,0,0
0,reorder_wait,73,0,0,0,0
8,link,74,8,8,0,0
8,window_blocked,74,0,0,0,0
0,reorder_wait,74,0,0,0,0
8,link,75,8,8,0,0
8,window_blocked,75,0,0,0,0
0,reorder_wait,75,0,0,0,0
8,link,76,8,8,0,0
8,window_blocked,76,0,0,0,0
0,reorder_wait,76,0,0,0,0
8,link,77,8,8,0,0
8,window_blocked,77,0,0,0,0
0,reorder_wait,77,0,0,0,0
8,link,78,8,8,0,0
8,window_blocked,78,0,0,0,0
0,compute_complete,78,0,0,1,0
0,compute_emit,78,0,0,1,0
0,reorder_wait,78,0,0,0,0
8,link,79,8,8,0,0
8,window_blocked,79,0,0,0,0
0,reorder_wait,79,0,0,0,0
0,window_store,79,1,0,1,0
8,link,80,8,8,0,0
8,window_blocked,80,0,0,0,0
0,reorder_emit,80,0,0,1,0
8,link,81,8,8,1,0
8,transform_emit,81,8,8,0,0
10,transform_accept,81,0,0,0,0
8,random_choice,81,1,270369,0,0
8,compute_unit,81,1,0,0,0
8,compute_accept,81,8,8,8,1
1,reorder_emit,81,0,0,1,0
0,output,81,0,0,1,0
12,parser_send,82,0,0,0,0
9,link,82,9,9,1,0
9,transform_emit,82,9,9,0,0
11,transform_accept,82,0,0,0,0
9,compute_unit,82,0,0,0,0
9,compute_accept,82,9,9,9,1
8,compute_complete,82,0,0,8,0
8,compute_emit,82,0,0,8,0
2,reorder_emit,82,0,0,2,0
1,output,82,0,0,1,0
13,parser_send,83,0,0,0,0
10,link,83,10,10,1,0
10,transform_emit,83,10,10,0,0
12,transform_accept,83,0,0,0,0
9,compute_complete,83,0,0,9,0
9,compute_emit,83,0,0,9,0
10,compute_unit,83,1,0,0,0
10,compute_accept,83,10,10,10,1
3,reorder_emit,83,0,0,3,0
8,window_store,83,1,0,8,0
2,output,83,0,0,2,0
14,parser_send,84,0,0,0,0
11,link,84,11,11,1,0
11,transform_emit,84,11,11,0,0
13,transform_accept,84,0,0,0,0
11,compute_unit,84,0,0,0,0
11,compute_accept,84,11,11,11,1
10,compute_complete,84,0,0,10,0
10,compute_emit,84,0,0,10,0
4,reorder_emit,84,0,0,4,0
9,window_store,84,0,0,9,0
3,output,84,0,0,3,0
15,parser_send,85,0,0,0,0
12,link,85,12,12,1,0
12,transform_emit,85,12,12,0,0
14,transform_accept,85,0,0,0,0
11,compute_complete,85,0,0,11,0
11,compute_emit,85,0,0,11,0
12,compute_unit,85,1,0,0,0
12,compute_accept,85,12,12,12,1
5,reorder_emit,85,0,0,5,0
10,window_store,85,1,0,10,0
4,output,85,0,0,4,0
16,parser_send,86,0,0,0,0
13,link,86,13,13,1,0
13,transform_emit,86,13,13,0,0
15,transform_accept,86,0,0,0,0
13,compute_unit,86,0,0,0,0
13,compute_accept,86,13,13,13,1
12,compute_complete,86,0,0,12,0
12,compute_emit,86,0,0,12,0
6,reorder_emit,86,0,0,6,0
11,window_store,86,0,0,11,0
5,output,86,0,0,5,0
17,parser_send,87,0,0,0,0
14,link,87,14,14,1,0
14,transform_emit,87,14,14,0,0
16,transform_accept,87,0,0,0,0
13,compute_complete,87,0,0,13,0
13,compute_emit,87,0,0,13,0
14,compute_unit,87,1,0,0,0
14,compute_accept,87,14,14,14,1
7,reorder_emit,87,0,0,7,0
12,window_store,87,1,0,12,0
6,output,87,0,0,6,0
18,parser_send,88,0,0,0,0
15,link,88,15,15,1,0
15,transform_emit,88,15,15,0,0
17,transform_accept,88,0,0,0,0
15,compute_unit,88,0,0,0,0
15,compute_accept,88,15,15,15,1
14,compute_complete,88,0,0,14,0
14,compute_emit,88,0,0,14,0
8,reorder_emit,88,0,0,8,0
13,window_store,88,0,0,13,0
7,output,88,0,0,7,0
19,parser_send,89,0,0,0,0
16,link,89,16,16,1,0
16,transform_emit,89,16,16,0,0
18,transform_accept,89,0,0,0,0
15,compute_complete,89,0,0,15,0
15,compute_emit,89,0,0,15,0
16,compute_unit,89,1,0,0,0
16,compute_accept,89,16,16,16,1
9,reorder_emit,89,0,0,9,0
14,window_store,89,1,0,14,0
8,output,89,0,0,8,0
20,parser_send,90,0,0,0,0
17,link,90,17,17,1,0
17,transform_emit,90,17,17,0,0
19,transform_accept,90,0,0,0,0
17,compute_unit,90,0,0,0,0
17,compute_accept,90,17,17,17,1
16,compute_complete,90,0,0,16,0
16,compute_emit,90,0,0,16,0
10,reorder_emit,90,0,0,10,0
15,window_store,90,0,0,15,0
9,output,90,0,0,9,0
21,parser_send,91,0,0,0,0
18,link,91,18,18,1,0
18,transform_emit,91,18,18,0,0
20,transform_accept,91,0,0,0,0
17,compute_complete,91,0,0,17,0
17,compute_emit,91,0,0,17,0
18,compute_unit,91,1,0,0,0
18,compute_accept,91,18,18,18,1
11,reorder_emit,91,0,0,11,0
16,window_store,91,1,0,16,0
10,output,91,0,0,10,0
22,parser_send,92,0,0,0,0
19,link,92,19,19,1,0
19,transform_emit,92,19,19,0,0
21,transform_accept,92,0,0,0,0
19,compute_unit,92,0,0,0,0
19,compute_accept,92,19,19,19,1
18,compute_complete,92,0,0,18,0
18,compute_emit,92,0,0,18,0
12,reorder_emit,92,0,0,12,0
17,window_store,92,0,0,17,0
11,output,92,0,0,11,0
23,parser_send,93,0,0,0,0
20,link,93,20,20,1,0
20,transform_emit,93,20,20,0,0
22,transform_accept,93,0,0,0,0
19,compute_complete,93,0,0,19,0
19,compute_emit,93,0,0,19,0
20,compute_unit,93,1,0,0,0
20,compute_accept,93,20,20,20,1
13,reorder_emit,93,0,0,13,0
18,window_store,93,1,0,18,0
12,output,93,0,0,12,0
24,parser_send,94,0,0,0,0
21,link,94,21,21,1,0
21,transform_emit,94,21,21,0,0
23,transform_accept,94,0,0,0,0
21,compute_unit,94,0,0,0,0
21,compute_accept,94,21,21,21,1
20,compute_complete,94,0,0,20,0
20,compute_emit,94,0,0,20,0
14,reorder_emit,94,0,0,14,0
19,window_store,94,0,0,19,0
13,output,94,0,0,13,0
25,parser_send,95,0,0,0,0
22,link,95,22,22,1,0
22,transform_emit,95,22,22,0,0
24,transform_accept,95,0,0,0,0
21,compute_complete,95,0,0,21,0
21,compute_emit,95,0,0,21,0
22,compute_unit,95,1,0,0,0
22,compute_accept,95,22,22,22,1
15,reorder_emit,95,0,0,15,0
20,window_store,95,1,0,20,0
14,output,95,0,0,14,0
26,parser_send,96,0,0,0,0
23,link,96,23,23,1,0
23,transform_emit,96,23,23,0,0
25,transform_accept,96,0,0,0,0
23,compute_unit,96,0,0,0,0
23,compute_accept,96,23,23,23,1
22,compute_complete,96,0,0,22,0
22,compute_emit,96,0,0,22,0
16,reorder_emit,96,0,0,16,0
21,window_store,96,0,0,21,0
15,output,96,0,0,15,0
27,parser_send,97,0,0,0,0
24,link,97,24,24,1,0
24,transform_emit,97,24,24,0,0
26,transform_accept,97,0,0,0,0
23,compute_complete,97,0,0,23,0
23,compute_emit,97,0,0,23,0
24,compute_unit,97,1,0,0,0
24,compute_accept,97,24,24,24,1
17,reorder_emit,97,0,0,17,0
22,window_store,97,1,0,22,0
16,output,97,0,0,16,0
28,parser_send,98,0,0,0,0
25,link,98,25,25,1,0
25,transform_emit,98,25,25,0,0
27,transform_accept,98,0,0,0,0
25,compute_unit,98,0,0,0,0
25,compute_accept,98,25,25,25,1
24,compute_complete,98,0,0,24,0
24,compute_emit,98,0,0,24,0
18,reorder_emit,98,0,0,18,0
23,window_store,98,0,0,23,0
17,output,98,0,0,17,0
29,parser_send,99,0,0,0,0
26,link,99,26,26,1,0
26,transform_emit,99,26,26,0,0
28,transform_accept,99,0,0,0,0
25,compute_complete,99,0,0,25,0
25,compute_emit,99,0,0,25,0
26,compute_unit,99,1,0,0,0
26,compute_accept,99,26,26,26,1
19,reorder_emit,99,0,0,19,0
24,window_store,99,1,0,24,0
18,output,99,0,0,18,0
30,parser_send,100,0,0,0,0
27,link,100,27,27,1,0
27,transform_emit,100,27,27,0,0
29,transform_accept,100,0,0,0,0
27,compute_unit,100,0,0,0,0
27,compute_accept,100,27,27,27,1
26,compute_complete,100,0,0,26,0
26,compute_emit,100,0,0,26,0
20,reorder_emit,100,0,0,20,0
25,window_store,100,0,0,25,0
19,output,100,0,0,19,0
31,parser_send,101,0,0,0,0
28,link,101,28,28,1,0
28,transform_emit,101,28,28,0,0
30,transform_accept,101,0,0,0,0
27,compute_complete,101,0,0,27,0
27,compute_emit,101,0,0,27,0
28,compute_unit,101,1,0,0,0
28,compute_accept,101,28,28,28,1
21,reorder_emit,101,0,0,21,0
26,window_store,101,1,0,26,0
20,output,101,0,0,20,0
32,parser_send,102,0,0,0,0
29,link,102,29,29,1,0
29,transform_emit,102,29,29,0,0
31,transform_accept,102,0,0,0,0
29,compute_unit,102,0,0,0,0
29,compute_accept,102,29,29,29,1
28,compute_complete,102,0,0,28,0
28,compute_emit,102,0,0,28,0
22,reorder_emit,102,0,0,22,0
27,window_store,102,0,0,27,0
21,output,102,0,0,21,0
33,parser_send,103,0,0,0,0
30,link,103,30,30,1,0
30,transform_emit,103,30,30,0,0
32,transform_accept,103,0,0,0,0
29,compute_complete,103,0,0,29,0
29,compute_emit,103,0,0,29,0
30,compute_unit,103,1,0,0,0
30,compute_accept,103,30,30,30,1
23,reorder_emit,103,0,0,23,0
28,window_store,103,1,0,28,0
22,output,103,0,0,22,0
34,parser_send,104,0,0,0,0
31,link,104,31,31,1,0
31,transform_emit,104,31,31,0,0
33,transform_accept,104,0,0,0,0
31,compute_unit,104,0,0,0,0
31,compute_accept,104,31,31,31,1
30,compute_complete,104,0,0,30,0
30,compute_emit,104,0,0,30,0
24,reorder_emit,104,0,0,24,0
29,window_store,104,0,0,29,0
23,output,104,0,0,23,0
35,parser_send,105,0,0,0,0
32,link,105,32,32,1,0
32,transform_emit,105,32,32,0,0
34,transform_accept,105,0,0,0,0
31,compute_complete,105,0,0,31,0
31,compute_emit,105,0,0,31,0
32,compute_unit,105,1,0,0,0
32,compute_accept,105,32,32,32,1
25,reorder_emit,105,0,0,25,0
30,window_store,105,1,0,30,0
24,output,105,0,0,24,0
36,parser_send,106,0,0,0,0
33,link,106,33,33,1,0
33,transform_emit,106,33,33,0,0
35,transform_accept,106,0,0,0,0
33,compute_unit,106,0,0,0,0
33,compute_accept,106,33,33,33,1
32,compute_complete,106,0,0,32,0
32,compute_emit,106,0,0,32,0
26,reorder_emit,106,0,0,26,0
31,window_store,106,0,0,31,0
25,output,106,0,0,25,0
37,parser_send,107,0,0,0,0
34,link,107,34,34,1,0
34,transform_emit,107,34,34,0,0
36,transform_accept,107,0,0,0,0
33,compute_complete,107,0,0,33,0
33,compute_emit,107,0,0,33,0
34,compute_unit,107,1,0,0,0
34,compute_accept,107,34,34,34,1
27,reorder_emit,107,0,0,27,0
32,window_store,107,1,0,32,0
26,output,107,0,0,26,0
38,parser_send,108,0,0,0,0
35,link,108,35,35,1,0
35,transform_emit,108,35,35,0,0
37,transform_accept,108,0,0,0,0
35,compute_unit,108,0,0,0,0
35,compute_accept,108,35,35,35,1
34,compute_complete,108,0,0,34,0
34,compute_emit,108,0,0,34,0
28,reorder_emit,108,0,0,28,0
33,window_store,108,0,0,33,0
27,output,108,0,0,27,0
39,parser_send,109,0,0,0,0
36,link,109,36,36,1,0
36,transform_emit,109,36,36,0,0
38,transform_accept,109,0,0,0,0
35,compute_complete,109,0,0,35,0
35,compute_emit,109,0,0,35,0
36,compute_unit,109,1,0,0,0
36,compute_accept,109,36,36,36,1
29,reorder_emit,109,0,0,29,0
34,window_store,109,1,0,34,0
28,output,109,0,0,28,0
40,parser_send,110,0,0,0,0
37,link,110,37,37,1,0
37,transform_emit,110,37,37,0,0
39,transform_accept,110,0,0,0,0
37,compute_unit,110,0,0,0,0
37,compute_accept,110,37,37,37,1
36,compute_complete,110,0,0,36,0
36,compute_emit,110,0,0,36,0
30,reorder_emit,110,0,0,30,0
35,window_store,110,0,0,35,0
29,output,110,0,0,29,0
38,link,111,38,38,1,0
38,transform_emit,111,38,38,0,0
40,transform_accept,111,0,0,0,0
37,compute_complete,111,0,0,37,0
37,compute_emit,111,0,0,37,0
38,compute_unit,111,1,0,0,0
38,compute_accept,111,38,38,38,1
31,reorder_emit,111,0,0,31,0
36,window_store,111,1,0,36,0
30,output,111,0,0,30,0
39,link,112,39,39,1,0
39,transform_emit,112,39,39,0,0
39,compute_unit,112,0,0,0,0
39,compute_accept,112,39,39,39,1
38,compute_complete,112,0,0,38,0
38,compute_emit,112,0,0,38,0
32,reorder_emit,112,0,0,32,0
37,window_store,112,0,0,37,0
31,output,112,0,0,31,0
40,link,113,40,40,1,0
40,transform_emit,113,40,40,0,0
39,compute_complete,113,0,0,39,0
39,compute_emit,113,0,0,39,0
40,compute_unit,113,1,0,0,0
40,compute_accept,113,40,40,40,1
33,reorder_emit,113,0,0,33,0
38,window_store,113,1,0,38,0
32,output,113,0,0,32,0
40,compute_complete,114,0,0,40,0
40,compute_emit,114,0,0,40,0
34,reorder_emit,114,0,0,34,0
39,window_store,114,0,0,39,0
33,output,114,0,0,33,0
35,reorder_emit,115,0,0,35,0
40,window_store,115,1,0,40,0
34,output,115,0,0,34,0
36,reorder_emit,116,0,0,36,0
35,output,116,0,0,35,0
37,reorder_emit,117,0,0,37,0
36,output,117,0,0,36,0
38,reorder_emit,118,0,0,38,0
37,output,118,0,0,37,0
39,reorder_emit,119,0,0,39,0
38,output,119,0,0,38,0
40,reorder_emit,120,0,0,40,0
39,output,120,0,0,39,0
40,output,121,0,0,40,0
